Order_Date,Product_Name,Units_Sold,Unit_Price,Total_Revenue,Customer_ID,Country,Month,year,Day_Of_Week
2009-12-01 07:45:00,15CM CHRISTMAS GLASS BALL 20 LIGHTS,12.0,6.95,83.4,13085,United Kingdom,December,2009,Tuesday
2009-12-01 07:45:00,PINK CHERRY LIGHTS,12.0,6.75,81.0,13085,United Kingdom,December,2009,Tuesday
2009-12-01 07:45:00,WHITE CHERRY LIGHTS,12.0,6.75,81.0,13085,United Kingdom,December,2009,Tuesday
2009-12-01 07:45:00,"RECORD FRAME 7"" SINGLE SIZE",48.0,2.1,100.8,13085,United Kingdom,December,2009,Tuesday
2009-12-01 07:45:00,STRAWBERRY CERAMIC TRINKET BOX,24.0,1.25,30.0,13085,United Kingdom,December,2009,Tuesday
2009-12-01 07:45:00,PINK DOUGHNUT TRINKET POT,24.0,1.65,39.6,13085,United Kingdom,December,2009,Tuesday
2009-12-01 07:45:00,SAVE THE PLANET MUG,24.0,1.25,30.0,13085,United Kingdom,December,2009,Tuesday
2009-12-01 07:45:00,FANCY FONT HOME SWEET HOME DOORMAT,10.0,5.95,59.5,13085,United Kingdom,December,2009,Tuesday
2009-12-01 07:46:00,CAT BOWL,12.0,2.55,30.6,13085,United Kingdom,December,2009,Tuesday
2009-12-01 07:46:00,"DOG BOWL , CHASING BALL DESIGN",12.0,3.75,45.0,13085,United Kingdom,December,2009,Tuesday
2009-12-01 07:46:00,HEART MEASURING SPOONS LARGE,24.0,1.65,39.6,13085,United Kingdom,December,2009,Tuesday
2009-12-01 07:46:00,LUNCHBOX WITH CUTLERY FAIRY CAKES,12.0,2.55,30.6,13085,United Kingdom,December,2009,Tuesday
2009-12-01 09:06:00,DOOR MAT BLACK FLOCK,10.0,5.95,59.5,13078,United Kingdom,December,2009,Tuesday
2009-12-01 09:06:00,LOVE BUILDING BLOCK WORD,18.0,5.45,98.1,13078,United Kingdom,December,2009,Tuesday
2009-12-01 09:06:00,HOME BUILDING BLOCK WORD,3.0,5.95,17.85,13078,United Kingdom,December,2009,Tuesday
2009-12-01 09:06:00,ASSORTED COLOUR BIRD ORNAMENT,16.0,1.69,27.04,13078,United Kingdom,December,2009,Tuesday
2009-12-01 09:06:00,PEACE WOODEN BLOCK LETTERS,3.0,6.95,20.85,13078,United Kingdom,December,2009,Tuesday
2009-12-01 09:06:00,CHRISTMAS CRAFT WHITE FAIRY,12.0,1.45,17.4,13078,United Kingdom,December,2009,Tuesday
2009-12-01 09:06:00,HEART IVORY TRELLIS LARGE,12.0,1.65,19.8,13078,United Kingdom,December,2009,Tuesday
2009-12-01 09:06:00,HEART FILIGREE DOVE LARGE,12.0,1.65,19.8,13078,United Kingdom,December,2009,Tuesday
2009-12-01 09:06:00,FULL ENGLISH BREAKFAST PLATE,16.0,3.39,54.24,13078,United Kingdom,December,2009,Tuesday
2009-12-01 09:06:00,PIZZA PLATE IN BOX,4.0,3.75,15.0,13078,United Kingdom,December,2009,Tuesday
2009-12-01 09:06:00,BLACK DINER WALL CLOCK,2.0,8.5,17.0,13078,United Kingdom,December,2009,Tuesday
2009-12-01 09:06:00,SET OF 3 BLACK FLYING DUCKS,12.0,4.65,55.8,13078,United Kingdom,December,2009,Tuesday
2009-12-01 09:06:00,AREA PATROLLED METAL SIGN,12.0,2.1,25.200000000000003,13078,United Kingdom,December,2009,Tuesday
2009-12-01 09:06:00,PLEASE ONE PERSON  METAL SIGN,12.0,2.1,25.200000000000003,13078,United Kingdom,December,2009,Tuesday
2009-12-01 09:06:00,BATH BUILDING BLOCK WORD,3.0,5.95,17.85,13078,United Kingdom,December,2009,Tuesday
2009-12-01 09:06:00,CLASSIC WHITE FRAME,6.0,2.95,17.700000000000003,13078,United Kingdom,December,2009,Tuesday
2009-12-01 09:06:00,SMALL MARSHMALLOWS PINK BOWL,8.0,1.25,10.0,13078,United Kingdom,December,2009,Tuesday
2009-12-01 09:06:00,BISCUITS SMALL BOWL LIGHT BLUE,8.0,1.25,10.0,13078,United Kingdom,December,2009,Tuesday
2009-12-01 09:06:00,SCOTTIE DOG HOT WATER BOTTLE,24.0,4.25,102.0,13078,United Kingdom,December,2009,Tuesday
2009-12-01 09:08:00,CHRISTMAS CRAFT HEART DECORATIONS,6.0,2.1,12.6,15362,United Kingdom,December,2009,Tuesday
2009-12-01 09:08:00,CHRISTMAS CRAFT HEART STOCKING,6.0,2.1,12.6,15362,United Kingdom,December,2009,Tuesday
2009-12-01 09:08:00,PARTY CONE CHRISTMAS DECORATION,12.0,0.85,10.2,15362,United Kingdom,December,2009,Tuesday
2009-12-01 09:08:00,PEACE SMALL WOOD LETTERS,2.0,6.75,13.5,15362,United Kingdom,December,2009,Tuesday
2009-12-01 09:08:00,JOY LARGE WOOD LETTERS,1.0,9.95,9.95,15362,United Kingdom,December,2009,Tuesday
2009-12-01 09:08:00,CINAMMON & ORANGE WREATH,2.0,6.75,13.5,15362,United Kingdom,December,2009,Tuesday
2009-12-01 09:08:00,EUCALYPTUS & PINECONE  WREATH,2.0,6.75,13.5,15362,United Kingdom,December,2009,Tuesday
2009-12-01 09:08:00,WOODEN BOX ADVENT CALENDAR,2.0,8.95,17.9,15362,United Kingdom,December,2009,Tuesday
2009-12-01 09:08:00,FLORAL BLUE MONSTER,3.0,4.25,12.75,15362,United Kingdom,December,2009,Tuesday
2009-12-01 09:08:00,RETRO COFFEE MUGS ASSORTED,12.0,1.25,15.0,15362,United Kingdom,December,2009,Tuesday
2009-12-01 09:08:00,INFLATABLE POLITICAL GLOBE,12.0,0.85,10.2,15362,United Kingdom,December,2009,Tuesday
2009-12-01 09:08:00,STRIPES DESIGN MONKEY DOLL,6.0,2.55,15.3,15362,United Kingdom,December,2009,Tuesday
2009-12-01 09:08:00,BLUE PADDED SOFT MOBILE,3.0,4.25,12.75,15362,United Kingdom,December,2009,Tuesday
2009-12-01 09:08:00,PACK OF 6 SKULL PAPER CUPS,12.0,0.65,7.800000000000001,15362,United Kingdom,December,2009,Tuesday
2009-12-01 09:08:00,PACK OF 20 SKULL PAPER NAPKINS,12.0,0.85,10.2,15362,United Kingdom,December,2009,Tuesday
2009-12-01 09:08:00,HANGING HEART ZINC T-LIGHT HOLDER,12.0,0.85,10.2,15362,United Kingdom,December,2009,Tuesday
2009-12-01 09:08:00,PINK BLUE FELT CRAFT TRINKET BOX,12.0,1.25,15.0,15362,United Kingdom,December,2009,Tuesday
2009-12-01 09:08:00,FELTCRAFT DOLL ROSIE,6.0,2.95,17.700000000000003,15362,United Kingdom,December,2009,Tuesday
2009-12-01 09:08:00,FELTCRAFT DOLL MARIA,6.0,2.95,17.700000000000003,15362,United Kingdom,December,2009,Tuesday
2009-12-01 09:08:00,FELTCRAFT DOLL EMILY,6.0,2.95,17.700000000000003,15362,United Kingdom,December,2009,Tuesday
2009-12-01 09:08:00,VINTAGE SNAKES & LADDERS,4.0,3.75,15.0,15362,United Kingdom,December,2009,Tuesday
2009-12-01 09:08:00,SCOTTIE DOG HOT WATER BOTTLE,3.0,4.95,14.85,15362,United Kingdom,December,2009,Tuesday
2009-12-01 09:08:00,CHOCOLATE HOT WATER BOTTLE,3.0,4.95,14.85,15362,United Kingdom,December,2009,Tuesday
2009-12-01 09:24:00,DINOSAURS  WRITING SET,28.0,0.98,27.44,18102,United Kingdom,December,2009,Tuesday
2009-12-01 09:24:00,SET OF MEADOW  FLOWER STICKERS,30.0,1.69,50.7,18102,United Kingdom,December,2009,Tuesday
2009-12-01 09:24:00,CHARLIE AND LOLA CHARLOTTE BAG,30.0,1.15,34.5,18102,United Kingdom,December,2009,Tuesday
2009-12-01 09:24:00,JUMBO BAG CHARLIE AND LOLA TOYS,30.0,2.0,60.0,18102,United Kingdom,December,2009,Tuesday
2009-12-01 09:24:00,JUMBO BAG TOYS,60.0,1.3,78.0,18102,United Kingdom,December,2009,Tuesday
2009-12-01 09:24:00,COUNTRY COTTAGE  DOORSTOP GREEN,32.0,2.5,80.0,18102,United Kingdom,December,2009,Tuesday
2009-12-01 09:24:00,GINGHAM HEART  DOORSTOP RED,32.0,2.5,80.0,18102,United Kingdom,December,2009,Tuesday
2009-12-01 09:24:00,CHARLIE+LOLA RED HOT WATER BOTTLE,56.0,3.0,168.0,18102,United Kingdom,December,2009,Tuesday
2009-12-01 09:24:00,CHARLIE LOLA BLUE HOT WATER BOTTLE,56.0,3.0,168.0,18102,United Kingdom,December,2009,Tuesday
2009-12-01 09:24:00,CHARLIE+LOLA PINK HOT WATER BOTTLE,60.0,1.9,114.0,18102,United Kingdom,December,2009,Tuesday
2009-12-01 09:24:00,CHARLIE + LOLA RED HOT WATER BOTTLE,56.0,1.9,106.4,18102,United Kingdom,December,2009,Tuesday
2009-12-01 09:24:00,TOMATO CHARLIE+LOLA COASTER SET,56.0,2.15,120.4,18102,United Kingdom,December,2009,Tuesday
2009-12-01 09:24:00,CARROT CHARLIE+LOLA COASTER SET,60.0,2.4,144.0,18102,United Kingdom,December,2009,Tuesday
2009-12-01 09:24:00,CHARLIE + LOLA BISCUITS TINS,60.0,6.38,382.8,18102,United Kingdom,December,2009,Tuesday
2009-12-01 09:24:00,CHARLIE AND LOLA FIGURES TINS,60.0,6.4,384.0,18102,United Kingdom,December,2009,Tuesday
2009-12-01 09:24:00,CHARLIE & LOLA WASTEPAPER BIN BLUE,60.0,2.4,144.0,18102,United Kingdom,December,2009,Tuesday
2009-12-01 09:24:00,CHARLIE & LOLA WASTEPAPER BIN FLORA,60.0,2.4,144.0,18102,United Kingdom,December,2009,Tuesday
2009-12-01 09:28:00,CHRISTMAS PUDDING TRINKET POT,12.0,1.45,17.4,12682,France,December,2009,Tuesday
2009-12-01 09:28:00,BAKING SET 9 PIECE RETROSPOT,9.0,4.95,44.55,12682,France,December,2009,Tuesday
2009-12-01 09:28:00,RETRO SPOT TEA SET CERAMIC 11 PC,9.0,4.95,44.55,12682,France,December,2009,Tuesday
2009-12-01 09:28:00,LUNCHBOX WITH CUTLERY RETROSPOT,12.0,2.55,30.6,12682,France,December,2009,Tuesday
2009-12-01 09:28:00,BLACK/BLUE DOTS RUFFLED UMBRELLA,3.0,5.95,17.85,12682,France,December,2009,Tuesday
2009-12-01 09:28:00,RED/WHITE DOTS RUFFLED UMBRELLA,3.0,5.95,17.85,12682,France,December,2009,Tuesday
2009-12-01 09:28:00,WRAP ENGLISH ROSE,25.0,0.42,10.5,12682,France,December,2009,Tuesday
2009-12-01 09:28:00,WRAP BLUE RUSSIAN FOLKART,25.0,0.42,10.5,12682,France,December,2009,Tuesday
2009-12-01 09:28:00,SET OF THREE VINTAGE GIFT WRAPS,6.0,1.95,11.7,12682,France,December,2009,Tuesday
2009-12-01 09:28:00,RETRO SPORT PARTY BAG + STICKER SET,8.0,1.65,13.2,12682,France,December,2009,Tuesday
2009-12-01 09:28:00,ASSORTED CAKES FRIDGE MAGNETS,12.0,0.65,7.800000000000001,12682,France,December,2009,Tuesday
2009-12-01 09:28:00,VINTAGE DESIGN GIFT TAGS,12.0,0.85,10.2,12682,France,December,2009,Tuesday
2009-12-01 09:28:00,PARTY CONE CHRISTMAS DECORATION,24.0,0.85,20.4,12682,France,December,2009,Tuesday
2009-12-01 09:28:00,PINK DOUGHNUT TRINKET POT,12.0,1.65,19.8,12682,France,December,2009,Tuesday
2009-12-01 09:28:00,RED TOADSTOOL LED NIGHT LIGHT,24.0,1.65,39.6,12682,France,December,2009,Tuesday
2009-12-01 09:28:00,SET/3 RUSSIAN DOLL STACKING TINS,6.0,4.95,29.700000000000003,12682,France,December,2009,Tuesday
2009-12-01 09:28:00,PACK 20 DOLLY PEGS,12.0,0.85,10.2,12682,France,December,2009,Tuesday
2009-12-01 09:28:00,ASSORTED COLOUR MINI CASES,2.0,7.95,15.9,12682,France,December,2009,Tuesday
2009-12-01 09:28:00,POSTAGE,3.0,18.0,54.0,12682,France,December,2009,Tuesday
2009-12-01 09:43:00,CAT BOWL,8.0,2.55,20.4,18087,United Kingdom,December,2009,Tuesday
2009-12-01 09:43:00,"DOG BOWL , CHASING BALL DESIGN",8.0,3.75,30.0,18087,United Kingdom,December,2009,Tuesday
2009-12-01 09:44:00,BIRD DECORATION RED SPOT,12.0,0.72,8.64,18087,United Kingdom,December,2009,Tuesday
2009-12-01 09:44:00,BAKING SET 9 PIECE RETROSPOT,6.0,4.25,25.5,18087,United Kingdom,December,2009,Tuesday
2009-12-01 09:44:00,RED WOOLLY HOTTIE WHITE HEART.,36.0,2.95,106.2,18087,United Kingdom,December,2009,Tuesday
2009-12-01 09:44:00,SCOTTIE DOG HOT WATER BOTTLE,48.0,4.25,204.0,18087,United Kingdom,December,2009,Tuesday
2009-12-01 09:46:00,UNION JACK GUNS & ROSES  DOORMAT,2.0,6.75,13.5,13635,United Kingdom,December,2009,Tuesday
2009-12-01 09:46:00,SCOTTIE DOG HOT WATER BOTTLE,3.0,4.95,14.85,13635,United Kingdom,December,2009,Tuesday
2009-12-01 09:46:00,HEART IVORY TRELLIS LARGE,12.0,1.65,19.8,13635,United Kingdom,December,2009,Tuesday
2009-12-01 09:46:00,YELLOW + BROWN BEAR FELT PURSE KIT,12.0,1.25,15.0,13635,United Kingdom,December,2009,Tuesday
2009-12-01 09:46:00,FELTCRAFT DOLL ROSIE,6.0,2.95,17.700000000000003,13635,United Kingdom,December,2009,Tuesday
2009-12-01 09:46:00,FELTCRAFT DOLL MARIA,6.0,2.95,17.700000000000003,13635,United Kingdom,December,2009,Tuesday
2009-12-01 09:46:00,WHITE HANGING HEART T-LIGHT HOLDER,6.0,2.95,17.700000000000003,13635,United Kingdom,December,2009,Tuesday
2009-12-01 09:46:00,KINGS CHOICE SMALL TUBE MATCHES,20.0,1.65,33.0,13635,United Kingdom,December,2009,Tuesday
2009-12-01 09:46:00,KINGS CHOICE GIANT TUBE MATCHES,12.0,2.55,30.6,13635,United Kingdom,December,2009,Tuesday
2009-12-01 09:46:00,KINGS CHOICE CIGAR BOX MATCHES,48.0,1.25,60.0,13635,United Kingdom,December,2009,Tuesday
2009-12-01 09:46:00,EMPIRE TISSUE BOX,12.0,1.25,15.0,13635,United Kingdom,December,2009,Tuesday
2009-12-01 09:46:00,"GREETING CARD, THE BLACK CAT",12.0,0.42,5.04,13635,United Kingdom,December,2009,Tuesday
2009-12-01 09:46:00,RAINY LADIES BIRTHDAY CARD,12.0,0.42,5.04,13635,United Kingdom,December,2009,Tuesday
2009-12-01 09:46:00,BANQUET BIRTHDAY  CARD,12.0,0.42,5.04,13635,United Kingdom,December,2009,Tuesday
2009-12-01 09:46:00,SPACE BOY BIRTHDAY CARD,12.0,0.42,5.04,13635,United Kingdom,December,2009,Tuesday
2009-12-01 09:46:00,RING OF ROSES BIRTHDAY CARD,12.0,0.42,5.04,13635,United Kingdom,December,2009,Tuesday
2009-12-01 09:46:00,BOTANICAL LAVENDER BIRTHDAY CARD,12.0,0.42,5.04,13635,United Kingdom,December,2009,Tuesday
2009-12-01 09:46:00,SET3 BOOK BOX GREEN GINGHAM FLOWER,4.0,4.25,17.0,13635,United Kingdom,December,2009,Tuesday
2009-12-01 09:46:00,SET/3 RED GINGHAM ROSE STORAGE BOX,4.0,3.75,15.0,13635,United Kingdom,December,2009,Tuesday
2009-12-01 09:46:00,SET 12 RETRO WHITE CHALK STICKS,24.0,0.42,10.08,13635,United Kingdom,December,2009,Tuesday
2009-12-01 09:46:00,VINTAGE SNAP CARDS,12.0,0.85,10.2,13635,United Kingdom,December,2009,Tuesday
2009-12-01 09:46:00,BINGO SET,8.0,3.75,30.0,13635,United Kingdom,December,2009,Tuesday
2009-12-01 09:46:00,VICTORIAN SEWING KIT,12.0,1.25,15.0,13635,United Kingdom,December,2009,Tuesday
2009-12-01 09:50:00,RETRO RED SPOTTY WASHING UP GLOVES,6.0,2.1,12.6,14110,United Kingdom,December,2009,Tuesday
2009-12-01 09:50:00,SET/2 RED SPOTTY TEA TOWELS,12.0,2.95,35.400000000000006,14110,United Kingdom,December,2009,Tuesday
2009-12-01 09:50:00,"RECORD FRAME 7"" SINGLE SIZE",48.0,2.1,100.8,14110,United Kingdom,December,2009,Tuesday
2009-12-01 09:50:00,VINYL RECORD FRAME SILVER,24.0,3.39,81.36,14110,United Kingdom,December,2009,Tuesday
2009-12-01 09:50:00,BATHROOM METAL SIGN,12.0,0.55,6.6000000000000005,14110,United Kingdom,December,2009,Tuesday
2009-12-01 09:50:00,LADIES & GENTLEMEN METAL SIGN,12.0,2.55,30.6,14110,United Kingdom,December,2009,Tuesday
2009-12-01 09:50:00,RED SPOTTY OVEN GLOVE DOUBLE,6.0,2.95,17.700000000000003,14110,United Kingdom,December,2009,Tuesday
2009-12-01 09:55:00,POSTAGE,1.0,141.0,141.0,12636,USA,December,2009,Tuesday
2009-12-01 09:57:00,PINK FELT HANGING HEART W FLOWER,12.0,0.85,10.2,17519,United Kingdom,December,2009,Tuesday
2009-12-01 09:57:00,BLUE FELT HANGING HEART W FLOWER,12.0,0.85,10.2,17519,United Kingdom,December,2009,Tuesday
2009-12-01 09:57:00,BIRD DECORATION RED SPOT,24.0,0.85,20.4,17519,United Kingdom,December,2009,Tuesday
2009-12-01 09:57:00,PARTY CONE CHRISTMAS DECORATION,12.0,0.85,10.2,17519,United Kingdom,December,2009,Tuesday
2009-12-01 09:57:00,RETRO SPOT LAMP,2.0,9.95,19.9,17519,United Kingdom,December,2009,Tuesday
2009-12-01 09:57:00,PARTY CONES CANDY ASSORTED,12.0,1.25,15.0,17519,United Kingdom,December,2009,Tuesday
2009-12-01 09:57:00,HEART STRING MEMO HOLDER HANGING,6.0,2.95,17.700000000000003,17519,United Kingdom,December,2009,Tuesday
2009-12-01 09:57:00,FOLKART BAUBLE CHRISTMAS DECORATION,48.0,0.38,18.24,17519,United Kingdom,December,2009,Tuesday
2009-12-01 09:57:00,6 CROCHET STRAWBERRIES,12.0,1.25,15.0,17519,United Kingdom,December,2009,Tuesday
2009-12-01 09:57:00,SET OF 72 PINK HEART PAPER DOILIES,12.0,1.45,17.4,17519,United Kingdom,December,2009,Tuesday
2009-12-01 09:57:00,LOVEBIRD HANGING DECORATION WHITE,24.0,0.85,20.4,17519,United Kingdom,December,2009,Tuesday
2009-12-01 09:57:00,WHITE TALL PORCELAIN T-LIGHT HOLDER,6.0,2.55,15.3,17519,United Kingdom,December,2009,Tuesday
2009-12-01 09:57:00,BAKING SET 9 PIECE RETROSPOT,3.0,4.95,14.85,17519,United Kingdom,December,2009,Tuesday
2009-12-01 09:57:00,EDWARDIAN TOILET ROLL UNIT,1.0,12.75,12.75,17519,United Kingdom,December,2009,Tuesday
2009-12-01 09:57:00,SET/6 STRAWBERRY PAPER CUPS,24.0,0.65,15.6,17519,United Kingdom,December,2009,Tuesday
2009-12-01 09:57:00,SET/6 WOODLAND PAPER CUPS,24.0,0.65,15.6,17519,United Kingdom,December,2009,Tuesday
2009-12-01 09:57:00,JUMBO BAG PINK VINTAGE PAISLEY,10.0,1.95,19.5,17519,United Kingdom,December,2009,Tuesday
2009-12-01 09:57:00,"GARLAND , WOODEN  "" HAPPY EASTER""",24.0,1.25,30.0,17519,United Kingdom,December,2009,Tuesday
2009-12-01 09:57:00,SET/6 WOODLAND PAPER PLATES,12.0,0.85,10.2,17519,United Kingdom,December,2009,Tuesday
2009-12-01 10:06:00,RED HANGING HEART T-LIGHT HOLDER,32.0,2.55,81.6,13758,United Kingdom,December,2009,Tuesday
2009-12-01 10:06:00,WHITE HANGING HEART T-LIGHT HOLDER,32.0,2.55,81.6,13758,United Kingdom,December,2009,Tuesday
2009-12-01 10:06:00,VICTORIAN GLASS HANGING T-LIGHT,12.0,1.25,15.0,13758,United Kingdom,December,2009,Tuesday
2009-12-01 10:06:00,UNION JACK HOT WATER BOTTLE,12.0,5.95,71.4,13758,United Kingdom,December,2009,Tuesday
2009-12-01 10:06:00,RED SPOT CERAMIC DRAWER KNOB,12.0,1.25,15.0,13758,United Kingdom,December,2009,Tuesday
2009-12-01 10:06:00,PAPER CHAIN KIT 50'S CHRISTMAS,12.0,2.95,35.400000000000006,13758,United Kingdom,December,2009,Tuesday
2009-12-01 10:06:00,SCOTTIE DOG HOT WATER BOTTLE,6.0,4.95,29.700000000000003,13758,United Kingdom,December,2009,Tuesday
2009-12-01 10:06:00,CHOCOLATE HOT WATER BOTTLE,12.0,4.95,59.400000000000006,13758,United Kingdom,December,2009,Tuesday
2009-12-01 10:06:00,HEART FILIGREE DOVE  SMALL,24.0,1.25,30.0,13758,United Kingdom,December,2009,Tuesday
2009-12-01 10:06:00,FRYING PAN RED POLKADOT,4.0,4.25,17.0,13758,United Kingdom,December,2009,Tuesday
2009-12-01 10:06:00,PAPER CHAIN KIT RETRO SPOT,24.0,2.95,70.80000000000001,13758,United Kingdom,December,2009,Tuesday
2009-12-01 10:06:00,HOT WATER BOTTLE TEA AND SYMPATHY,12.0,3.95,47.400000000000006,13758,United Kingdom,December,2009,Tuesday
2009-12-01 10:06:00,RED SPOT HEART HOT WATER BOTTLE,12.0,4.95,59.400000000000006,13758,United Kingdom,December,2009,Tuesday
2009-12-01 10:06:00,JUMBO BAG SCANDINAVIAN PAISLEY,10.0,1.95,19.5,13758,United Kingdom,December,2009,Tuesday
2009-12-01 10:06:00,JUMBO BAG PINK VINTAGE PAISLEY,10.0,1.95,19.5,13758,United Kingdom,December,2009,Tuesday
2009-12-01 10:06:00,JUMBO BAG RED WHITE SPOTTY,20.0,1.95,39.0,13758,United Kingdom,December,2009,Tuesday
2009-12-01 10:06:00,"CHARLOTTE BAG , PINK/WHITE SPOTS",10.0,0.85,8.5,13758,United Kingdom,December,2009,Tuesday
2009-12-01 10:06:00,RED SPOTTY CHARLOTTE BAG,10.0,0.85,8.5,13758,United Kingdom,December,2009,Tuesday
2009-12-01 10:06:00,KINGS CHOICE CIGAR BOX MATCHES,24.0,1.25,30.0,13758,United Kingdom,December,2009,Tuesday
2009-12-01 10:06:00,RETRO SPOT  CIGAR BOX MATCHES,24.0,1.25,30.0,13758,United Kingdom,December,2009,Tuesday
2009-12-01 10:06:00,LUNCH BAG RED SPOTTY,10.0,1.65,16.5,13758,United Kingdom,December,2009,Tuesday
2009-12-01 10:06:00,LUNCH BAG CARS BLUE,10.0,1.65,16.5,13758,United Kingdom,December,2009,Tuesday
2009-12-01 10:06:00,LUNCH BAG WOODLAND,10.0,1.65,16.5,13758,United Kingdom,December,2009,Tuesday
2009-12-01 10:06:00,RETRO RED SPOTTY WASHING UP GLOVES,12.0,2.1,25.200000000000003,13758,United Kingdom,December,2009,Tuesday
2009-12-01 10:06:00,RED SPOTTY ROUND CAKE TINS,12.0,8.95,107.4,13758,United Kingdom,December,2009,Tuesday
2009-12-01 10:06:00,LARGE HEART MEASURING SPOONS,12.0,1.65,19.8,13758,United Kingdom,December,2009,Tuesday
2009-12-01 10:06:00,CREAM SWEETHEART MINI CHEST,2.0,12.75,25.5,13758,United Kingdom,December,2009,Tuesday
2009-12-01 10:10:00,POSTAGE,1.0,130.0,130.0,12362,Belgium,December,2009,Tuesday
2009-12-01 10:18:00,GOLD APERITIF GLASS,48.0,2.12,101.76,15413,United Kingdom,December,2009,Tuesday
2009-12-01 10:18:00,GOLD WINE GLASS,48.0,3.39,162.72,15413,United Kingdom,December,2009,Tuesday
2009-12-01 10:18:00,GOLD WINE GOBLET,48.0,4.25,204.0,15413,United Kingdom,December,2009,Tuesday
2009-12-01 10:18:00,SILVER APERITIF GLASS,48.0,2.12,101.76,15413,United Kingdom,December,2009,Tuesday
2009-12-01 10:36:00,PAPER BUNTING WHITE LACE,12.0,2.95,35.400000000000006,16321,Australia,December,2009,Tuesday
2009-12-01 10:36:00,CREAM FELT EASTER EGG BASKET,6.0,1.65,9.9,16321,Australia,December,2009,Tuesday
2009-12-01 10:36:00,POTTING SHED SOW 'N' GROW SET,4.0,4.25,17.0,16321,Australia,December,2009,Tuesday
2009-12-01 10:36:00,POTTING SHED TWINE,6.0,2.1,12.6,16321,Australia,December,2009,Tuesday
2009-12-01 10:36:00,PAPER CHAIN KIT RETRO SPOT,12.0,2.95,35.400000000000006,16321,Australia,December,2009,Tuesday
2009-12-01 10:36:00,SAVE THE PLANET MUG,12.0,1.25,15.0,16321,Australia,December,2009,Tuesday
2009-12-01 10:36:00,ANTIQUE SILVER TEA GLASS ETCHED,12.0,1.25,15.0,16321,Australia,December,2009,Tuesday
2009-12-01 10:36:00,HANGING HEART ZINC T-LIGHT HOLDER,24.0,0.85,20.4,16321,Australia,December,2009,Tuesday
2009-12-01 10:36:00,PAPER BUNTING RETRO SPOTS,12.0,2.95,35.400000000000006,16321,Australia,December,2009,Tuesday
2009-12-01 10:46:00,PINK CHERRY LIGHTS,8.0,6.75,54.0,16167,United Kingdom,December,2009,Tuesday
2009-12-01 10:46:00,PACK OF 60 PINK PAISLEY CAKE CASES,24.0,0.55,13.2,16167,United Kingdom,December,2009,Tuesday
2009-12-01 10:46:00,60 TEATIME FAIRY CAKE CASES,24.0,0.55,13.2,16167,United Kingdom,December,2009,Tuesday
2009-12-01 10:46:00,FELTCRAFT DOLL EMILY,6.0,2.95,17.700000000000003,16167,United Kingdom,December,2009,Tuesday
2009-12-01 10:46:00,FELTCRAFT DOLL MOLLY,6.0,2.95,17.700000000000003,16167,United Kingdom,December,2009,Tuesday
2009-12-01 10:46:00,SET 10 LIGHTS NIGHT OWL,4.0,6.75,27.0,16167,United Kingdom,December,2009,Tuesday
2009-12-01 10:46:00,BIRDS MOBILE VINTAGE DESIGN,3.0,5.95,17.85,16167,United Kingdom,December,2009,Tuesday
2009-12-01 10:46:00,3 PIECE JIGSAW TOADSTOOLS,8.0,1.65,13.2,16167,United Kingdom,December,2009,Tuesday
2009-12-01 10:46:00,BOYS ALPHABET IRON ON PATCHES,576.0,0.21,120.96,16167,United Kingdom,December,2009,Tuesday
2009-12-01 10:46:00,WHITE CHERRY LIGHTS,8.0,6.75,54.0,16167,United Kingdom,December,2009,Tuesday
2009-12-01 10:46:00,BAKING SET 9 PIECE RETROSPOT,3.0,4.95,14.85,16167,United Kingdom,December,2009,Tuesday
2009-12-01 10:46:00,RETRO SPOT TEA SET CERAMIC 11 PC,3.0,4.95,14.85,16167,United Kingdom,December,2009,Tuesday
2009-12-01 10:46:00,SILVER CHERRY LIGHTS,4.0,6.75,27.0,16167,United Kingdom,December,2009,Tuesday
2009-12-01 10:46:00,RED TOADSTOOL LED NIGHT LIGHT,12.0,1.65,19.8,16167,United Kingdom,December,2009,Tuesday
2009-12-01 10:46:00,GIRLS ALPHABET IRON ON PATCHES,288.0,0.21,60.48,16167,United Kingdom,December,2009,Tuesday
2009-12-01 10:49:00,RED STRIPE CERAMIC DRAWER KNOB,24.0,1.25,30.0,17865,United Kingdom,December,2009,Tuesday
2009-12-01 10:49:00,BLUE STRIPE CERAMIC DRAWER KNOB,24.0,1.25,30.0,17865,United Kingdom,December,2009,Tuesday
2009-12-01 10:49:00,BLUE SPOT CERAMIC DRAWER KNOB,24.0,1.25,30.0,17865,United Kingdom,December,2009,Tuesday
2009-12-01 10:49:00,RED SPOT CERAMIC DRAWER KNOB,24.0,1.25,30.0,17865,United Kingdom,December,2009,Tuesday
2009-12-01 10:49:00,WHITE SPOT RED CERAMIC DRAWER KNOB,24.0,1.25,30.0,17865,United Kingdom,December,2009,Tuesday
2009-12-01 10:49:00,WHITE SPOT BLUE CERAMIC DRAWER KNOB,24.0,1.25,30.0,17865,United Kingdom,December,2009,Tuesday
2009-12-01 10:49:00,UNION JACK HOT WATER BOTTLE,3.0,5.95,17.85,17865,United Kingdom,December,2009,Tuesday
2009-12-01 10:49:00,STRAWBERRY CERAMIC TRINKET BOX,48.0,1.25,60.0,17865,United Kingdom,December,2009,Tuesday
2009-12-01 10:49:00,BLUE CHARLIE+LOLA PERSONAL DOORSIGN,6.0,2.95,17.700000000000003,17865,United Kingdom,December,2009,Tuesday
2009-12-01 10:49:00,RED CHARLIE+LOLA PERSONAL DOORSIGN,6.0,2.95,17.700000000000003,17865,United Kingdom,December,2009,Tuesday
2009-12-01 10:49:00,KEEP OUT BOYS DOOR HANGER,12.0,1.45,17.4,17865,United Kingdom,December,2009,Tuesday
2009-12-01 10:49:00,TOXIC AREA  DOOR HANGER,12.0,1.45,17.4,17865,United Kingdom,December,2009,Tuesday
2009-12-01 10:49:00,DOOR HANGER  MUM + DADS ROOM,12.0,1.45,17.4,17865,United Kingdom,December,2009,Tuesday
2009-12-01 10:49:00,MOODY BOY  DOOR HANGER,12.0,1.45,17.4,17865,United Kingdom,December,2009,Tuesday
2009-12-01 10:49:00,AREA PATROLLED METAL SIGN,12.0,2.1,25.200000000000003,17865,United Kingdom,December,2009,Tuesday
2009-12-01 10:49:00,PLEASE ONE PERSON  METAL SIGN,6.0,2.1,12.6,17865,United Kingdom,December,2009,Tuesday
2009-12-01 10:49:00,LADIES & GENTLEMEN METAL SIGN,6.0,2.55,15.3,17865,United Kingdom,December,2009,Tuesday
2009-12-01 10:49:00,WOODEN FRAME ANTIQUE WHITE,6.0,2.95,17.700000000000003,17865,United Kingdom,December,2009,Tuesday
2009-12-01 10:49:00,WOOD S/3 CABINET ANT WHITE FINISH,2.0,7.95,15.9,17865,United Kingdom,December,2009,Tuesday
2009-12-01 10:49:00,WOOD 2 DRAWER CABINET WHITE FINISH,3.0,5.95,17.85,17865,United Kingdom,December,2009,Tuesday
2009-12-01 10:49:00,PINK SWEETHEART BRACELET,3.0,4.25,12.75,17592,United Kingdom,December,2009,Tuesday
2009-12-01 10:49:00,GREEN SWEETHEART BRACELET,3.0,4.25,12.75,17592,United Kingdom,December,2009,Tuesday
2009-12-01 10:49:00,PACK OF 72 RETRO SPOT CAKE CASES,24.0,0.55,13.2,17865,United Kingdom,December,2009,Tuesday
2009-12-01 10:49:00,60 TEATIME FAIRY CAKE CASES,24.0,0.55,13.2,17865,United Kingdom,December,2009,Tuesday
2009-12-01 10:49:00,RETRO SPOT LAMP,2.0,9.95,19.9,17865,United Kingdom,December,2009,Tuesday
2009-12-01 10:49:00,FAIRY CAKE CANDLES,27.0,1.49,40.23,17865,United Kingdom,December,2009,Tuesday
2009-12-01 10:49:00,CERAMIC BOWL WITH STRAWBERRY DESIGN,6.0,2.95,17.700000000000003,17865,United Kingdom,December,2009,Tuesday
2009-12-01 10:49:00,CERAMIC CAKE BOWL + HANGING CAKES,6.0,2.95,17.700000000000003,17865,United Kingdom,December,2009,Tuesday
2009-12-01 10:49:00,PURPLE SWEETHEART BRACELET,3.0,4.25,12.75,17592,United Kingdom,December,2009,Tuesday
2009-12-01 10:49:00,BLUE SWEETHEART BRACELET,3.0,4.25,12.75,17592,United Kingdom,December,2009,Tuesday
2009-12-01 10:49:00,BLACK SWEETHEART BRACELET,3.0,4.25,12.75,17592,United Kingdom,December,2009,Tuesday
2009-12-01 10:49:00,BLACK DIAMANTE EXPANDABLE RING,3.0,4.25,12.75,17592,United Kingdom,December,2009,Tuesday
2009-12-01 10:49:00,AMETHYST DIAMANTE EXPANDABLE RING,3.0,4.25,12.75,17592,United Kingdom,December,2009,Tuesday
2009-12-01 10:49:00,MIDNIGHT BLUE PAIR HEART HAIR SLIDE,3.0,3.75,11.25,17592,United Kingdom,December,2009,Tuesday
2009-12-01 10:49:00,CRYSTAL PAIR HEART HAIR SLIDES,3.0,3.75,11.25,17592,United Kingdom,December,2009,Tuesday
2009-12-01 10:49:00,ROSE COLOUR PAIR HEART HAIR SLIDES,3.0,3.75,11.25,17592,United Kingdom,December,2009,Tuesday
2009-12-01 10:49:00,PINK ENAMEL+GLASS HAIR COMB,3.0,2.1,6.300000000000001,17592,United Kingdom,December,2009,Tuesday
2009-12-01 10:49:00,PURPLE ENAMEL+GLASS HAIR COMB,3.0,2.1,6.300000000000001,17592,United Kingdom,December,2009,Tuesday
2009-12-01 10:49:00,DIAMANTE BOW BROOCH BLACK COLOUR,2.0,6.35,12.7,17592,United Kingdom,December,2009,Tuesday
2009-12-01 10:52:00,"FOLDING UMBRELLA , BLACK/BLUE  SPOT",12.0,4.95,59.400000000000006,13767,United Kingdom,December,2009,Tuesday
2009-12-01 10:52:00,FOLDING UMBRELLA  PINK/WHITE  SPOT,12.0,4.95,59.400000000000006,13767,United Kingdom,December,2009,Tuesday
2009-12-01 10:52:00,FOLDING UMBRELLA  CREAM/MULTI  SPOT,12.0,4.95,59.400000000000006,13767,United Kingdom,December,2009,Tuesday
2009-12-01 10:52:00,"FOLDING UMBRELLA , RED/WHITE SPOT",12.0,4.95,59.400000000000006,13767,United Kingdom,December,2009,Tuesday
2009-12-01 10:52:00,FOLDING UMBRELLA  WHITE/RED  SPOT,12.0,4.95,59.400000000000006,13767,United Kingdom,December,2009,Tuesday
2009-12-01 10:52:00,PICCADILLY TEA SET,4.0,14.95,59.8,13767,United Kingdom,December,2009,Tuesday
2009-12-01 10:52:00,UNION JACK HOT WATER BOTTLE,12.0,5.95,71.4,13767,United Kingdom,December,2009,Tuesday
2009-12-01 10:52:00,WHITE HANGING HEART T-LIGHT HOLDER,64.0,2.55,163.2,13767,United Kingdom,December,2009,Tuesday
2009-12-01 10:52:00,RED HANGING HEART T-LIGHT HOLDER,20.0,2.95,59.0,13767,United Kingdom,December,2009,Tuesday
2009-12-01 10:52:00,RETRO BLUE SPOTTY WASHING UP GLOVES,8.0,2.1,16.8,13767,United Kingdom,December,2009,Tuesday
2009-12-01 10:52:00,RETRO PINK SPOT WASHING UP GLOVES,8.0,2.1,16.8,13767,United Kingdom,December,2009,Tuesday
2009-12-01 10:52:00,RETRO RED SPOTTY WASHING UP GLOVES,8.0,2.1,16.8,13767,United Kingdom,December,2009,Tuesday
2009-12-01 10:52:00,FUNKY WASHING UP GLOVES ASSORTED,12.0,2.1,25.200000000000003,13767,United Kingdom,December,2009,Tuesday
2009-12-01 10:52:00,DOOR MAT FAIRY CAKE,4.0,6.75,27.0,13767,United Kingdom,December,2009,Tuesday
2009-12-01 10:52:00,HOT WATER BOTTLE TEA AND SYMPATHY,12.0,3.95,47.400000000000006,13767,United Kingdom,December,2009,Tuesday
2009-12-01 10:52:00,FAWN BLUE HOT WATER BOTTLE,8.0,2.95,23.6,13767,United Kingdom,December,2009,Tuesday
2009-12-01 10:52:00,ANTIQUE LILY FAIRY LIGHTS,24.0,4.25,102.0,13767,United Kingdom,December,2009,Tuesday
2009-12-01 10:52:00,VINTAGE CREAM 3 BASKET CAKE STAND,4.0,9.95,39.8,13767,United Kingdom,December,2009,Tuesday
2009-12-01 10:52:00,ASSORTED COLOUR BIRD ORNAMENT,160.0,1.45,232.0,13767,United Kingdom,December,2009,Tuesday
2009-12-01 10:59:00,CHARLIE LOLA BLUE HOT WATER BOTTLE,1.0,4.65,4.65,17238,United Kingdom,December,2009,Tuesday
2009-12-01 10:59:00,CHARLIE+LOLA PINK HOT WATER BOTTLE,1.0,2.95,2.95,17238,United Kingdom,December,2009,Tuesday
2009-12-01 10:59:00,CHARLIE + LOLA RED HOT WATER BOTTLE,1.0,2.95,2.95,17238,United Kingdom,December,2009,Tuesday
2009-12-01 10:59:00,UNION JACK HOT WATER BOTTLE,2.0,5.95,11.9,17238,United Kingdom,December,2009,Tuesday
2009-12-01 10:59:00,MUSHROOM BLUE HOT WATER BOTTLE,2.0,2.95,5.9,17238,United Kingdom,December,2009,Tuesday
2009-12-01 10:59:00,CHICK GREY HOT WATER BOTTLE,3.0,3.45,10.35,17238,United Kingdom,December,2009,Tuesday
2009-12-01 10:59:00,GREY FLORAL FELTCRAFT SHOULDER BAG,1.0,3.75,3.75,17238,United Kingdom,December,2009,Tuesday
2009-12-01 10:59:00,PINK FLORAL FELTCRAFT SHOULDER BAG,2.0,3.75,7.5,17238,United Kingdom,December,2009,Tuesday
2009-12-01 10:59:00,CHARLIE AND LOLA CHARLOTTE BAG,2.0,1.65,3.3,17238,United Kingdom,December,2009,Tuesday
2009-12-01 10:59:00,PINK CROCHET CAT WITH SCARF,2.0,4.25,8.5,17238,United Kingdom,December,2009,Tuesday
2009-12-01 10:59:00,PINK CREAM FELT CRAFT TRINKET BOX,3.0,1.25,3.75,17238,United Kingdom,December,2009,Tuesday
2009-12-01 10:59:00,PINK BLUE FELT CRAFT TRINKET BOX,1.0,1.25,1.25,17238,United Kingdom,December,2009,Tuesday
2009-12-01 10:59:00,PINK JUMPER LARRY THE LAMB,2.0,2.1,4.2,17238,United Kingdom,December,2009,Tuesday
2009-12-01 10:59:00,UNION JACK HOT WATER BOTTLE,1.0,5.95,5.95,17238,United Kingdom,December,2009,Tuesday
2009-12-01 10:59:00,SET OF THREE 50'S GIFT WRAPS,3.0,1.95,5.85,17238,United Kingdom,December,2009,Tuesday
2009-12-01 10:59:00,PARTY INVITES JAZZ HEARTS,4.0,0.85,3.4,17238,United Kingdom,December,2009,Tuesday
2009-12-01 10:59:00,PARTY INVITES WOODLAND,3.0,0.85,2.55,17238,United Kingdom,December,2009,Tuesday
2009-12-01 10:59:00,PAPER CHAIN KIT 50'S CHRISTMAS,5.0,2.95,14.75,17238,United Kingdom,December,2009,Tuesday
2009-12-01 10:59:00,PINK 3 PIECE MINI DOTS CUTLERY SET,4.0,3.75,15.0,17238,United Kingdom,December,2009,Tuesday
2009-12-01 10:59:00,BLUE 3 PIECE MINI DOTS CUTLERY SET,4.0,3.75,15.0,17238,United Kingdom,December,2009,Tuesday
2009-12-01 10:59:00,COFFEE MUG CAT + BIRD DESIGN,2.0,2.55,5.1,17238,United Kingdom,December,2009,Tuesday
2009-12-01 10:59:00,COFFEE MUG DOG + BALL DESIGN,3.0,2.55,7.649999999999999,17238,United Kingdom,December,2009,Tuesday
2009-12-01 10:59:00,VINTAGE DESIGN GIFT TAGS,6.0,0.85,5.1,17238,United Kingdom,December,2009,Tuesday
2009-12-01 10:59:00,SWEETHEART CERAMIC TRINKET BOX,4.0,1.25,5.0,17238,United Kingdom,December,2009,Tuesday
2009-12-01 10:59:00,OPULENT VELVET CANDLE IN BOX,6.0,2.1,12.6,17238,United Kingdom,December,2009,Tuesday
2009-12-01 10:59:00,VINTAGE ROSE BEAD BRACELET BLUE,4.0,4.25,17.0,17238,United Kingdom,December,2009,Tuesday
2009-12-01 10:59:00,WHITE GLASS CHUNKY CHARM BRACELET,2.0,8.95,17.9,17238,United Kingdom,December,2009,Tuesday
2009-12-01 10:59:00,BLACK GEMSTONE BRACELET,2.0,8.95,17.9,17238,United Kingdom,December,2009,Tuesday
2009-12-01 10:59:00,CARNIVAL BRACELET,2.0,12.75,25.5,17238,United Kingdom,December,2009,Tuesday
2009-12-01 10:59:00,JUMBO STORAGE BAG SKULLS,2.0,1.95,3.9,17238,United Kingdom,December,2009,Tuesday
2009-12-01 11:17:00,LADYBIRD + BEE RAFFIA FOOD COVER,6.0,3.75,22.5,15712,United Kingdom,December,2009,Tuesday
2009-12-01 11:17:00,JUMBO BAG RED WHITE SPOTTY,10.0,1.95,19.5,15712,United Kingdom,December,2009,Tuesday
2009-12-01 11:17:00,DOOR MAT FAIRY CAKE,10.0,5.95,59.5,15712,United Kingdom,December,2009,Tuesday
2009-12-01 11:17:00,TEA TIME PARTY BUNTING,5.0,4.65,23.25,15712,United Kingdom,December,2009,Tuesday
2009-12-01 11:17:00,JUMBO BAG PINK VINTAGE PAISLEY,10.0,1.95,19.5,15712,United Kingdom,December,2009,Tuesday
2009-12-01 11:17:00,RETRO SPOT TEA SET CERAMIC 11 PC,6.0,4.95,29.700000000000003,15712,United Kingdom,December,2009,Tuesday
2009-12-01 11:17:00,PAPER CHAIN KIT 50'S CHRISTMAS,6.0,2.95,17.700000000000003,15712,United Kingdom,December,2009,Tuesday
2009-12-01 11:17:00,WEEKEND BAG VINTAGE ROSE PAISLEY,4.0,8.5,34.0,15712,United Kingdom,December,2009,Tuesday
2009-12-01 11:17:00,BAKING SET 9 PIECE RETROSPOT,3.0,4.95,14.85,15712,United Kingdom,December,2009,Tuesday
2009-12-01 11:17:00,WHITE SKULL HOT WATER BOTTLE,4.0,3.75,15.0,15712,United Kingdom,December,2009,Tuesday
2009-12-01 11:21:00,VINTAGE HEADS AND TAILS CARD GAME,72.0,1.06,76.32000000000001,15311,United Kingdom,December,2009,Tuesday
2009-12-01 11:21:00,CHARLIE+LOLA PINK HOT WATER BOTTLE,36.0,2.55,91.8,15311,United Kingdom,December,2009,Tuesday
2009-12-01 11:21:00,ANTIQUE LILY FAIRY LIGHTS,24.0,4.25,102.0,15311,United Kingdom,December,2009,Tuesday
2009-12-01 11:21:00,COLOUR GLASS. STAR T-LIGHT HOLDER,24.0,2.75,66.0,15311,United Kingdom,December,2009,Tuesday
2009-12-01 11:21:00,CERAMIC CAKE STAND + HANGING CAKES,8.0,8.5,68.0,15311,United Kingdom,December,2009,Tuesday
2009-12-01 11:21:00,MINI CAKE STAND WITH HANGING CAKES,32.0,1.25,40.0,15311,United Kingdom,December,2009,Tuesday
2009-12-01 11:21:00,UNION JACK GUNS & ROSES  DOORMAT,10.0,5.95,59.5,15311,United Kingdom,December,2009,Tuesday
2009-12-01 11:21:00,VICTORIAN SEWING BOX LARGE,8.0,10.95,87.6,15311,United Kingdom,December,2009,Tuesday
2009-12-01 11:21:00,SET/3 TALL GLASS CANDLE HOLDER PINK,8.0,3.95,31.6,15311,United Kingdom,December,2009,Tuesday
2009-12-01 11:21:00,PINK FAIRY CAKE CHILD'S APRON,50.0,1.65,82.5,15311,United Kingdom,December,2009,Tuesday
2009-12-01 11:21:00,PINK UNION JACK  LUGGAGE TAG,1.0,1.25,1.25,15311,United Kingdom,December,2009,Tuesday
2009-12-01 11:21:00,RED SPOTTY OVEN GLOVE DOUBLE,5.0,2.95,14.75,15311,United Kingdom,December,2009,Tuesday
2009-12-01 11:21:00,LAUNDRY 15C METAL SIGN,2.0,1.25,2.5,15311,United Kingdom,December,2009,Tuesday
2009-12-01 11:21:00,"AIRLINE LOUNGE,METAL SIGN",1.0,2.1,2.1,15311,United Kingdom,December,2009,Tuesday
2009-12-01 11:21:00,KEEP OUT BOYS DOOR HANGER,3.0,1.45,4.35,15311,United Kingdom,December,2009,Tuesday
2009-12-01 11:21:00,METAL SIGN CUPCAKE SINGLE HOOK,2.0,1.25,2.5,15311,United Kingdom,December,2009,Tuesday
2009-12-01 11:21:00,NO JUNK MAIL METAL SIGN,2.0,1.25,2.5,15311,United Kingdom,December,2009,Tuesday
2009-12-01 11:21:00,PINK UNION JACK  PASSPORT COVER,3.0,2.1,6.300000000000001,15311,United Kingdom,December,2009,Tuesday
2009-12-01 11:21:00,BLACK SIL'T SQU CANDLE PLATE,2.0,2.1,4.2,15311,United Kingdom,December,2009,Tuesday
2009-12-01 11:21:00,WOODLAND CHARLOTTE BAG,3.0,0.85,2.55,15311,United Kingdom,December,2009,Tuesday
2009-12-01 11:21:00,POTTING SHED COFFEE MUG,2.0,1.25,2.5,15311,United Kingdom,December,2009,Tuesday
2009-12-01 11:21:00,POTTERING MUG,2.0,1.25,2.5,15311,United Kingdom,December,2009,Tuesday
2009-12-01 11:21:00,RETRO RED SPOTTY WASHING UP GLOVES,3.0,2.1,6.300000000000001,15311,United Kingdom,December,2009,Tuesday
2009-12-01 11:21:00,FAIRY SOAP SOAP HOLDER,2.0,1.69,3.38,15311,United Kingdom,December,2009,Tuesday
2009-12-01 11:21:00,UNION JACK FLAG PASSPORT COVER,5.0,2.1,10.5,15311,United Kingdom,December,2009,Tuesday
2009-12-01 11:21:00,FLOWER VINE RAFFIA FOOD COVER,2.0,3.75,7.5,15311,United Kingdom,December,2009,Tuesday
2009-12-01 11:21:00,VINTAGE NOTEBOOK PARIS DAYS,2.0,2.95,5.9,15311,United Kingdom,December,2009,Tuesday
2009-12-01 11:21:00,SQUARE MIRROR CURTAIN,1.0,7.95,7.95,15311,United Kingdom,December,2009,Tuesday
2009-12-01 11:21:00,ENGLISH ROSE TEA SET IN GIFT BOX,2.0,4.65,9.3,15311,United Kingdom,December,2009,Tuesday
2009-12-01 11:21:00,GREEN 3 PIECE MINI DOTS CUTLERY SET,3.0,3.75,11.25,15311,United Kingdom,December,2009,Tuesday
2009-12-01 11:21:00,GREEN  SPOTTY PLATE,3.0,1.69,5.07,15311,United Kingdom,December,2009,Tuesday
2009-12-01 11:21:00,GREEN SPOTTY CUP,3.0,0.85,2.55,15311,United Kingdom,December,2009,Tuesday
2009-12-01 11:34:00,BAG 500G SWIRLY MARBLES,1.0,1.65,1.65,16329,United Kingdom,December,2009,Tuesday
2009-12-01 11:34:00,VINTAGE SEASIDE JIGSAW PUZZLES,1.0,3.75,3.75,16329,United Kingdom,December,2009,Tuesday
2009-12-01 11:34:00,VINTAGE SNAKES & LADDERS,1.0,3.75,3.75,16329,United Kingdom,December,2009,Tuesday
2009-12-01 11:34:00,PINK STRAWBERRY HANDBAG,2.0,2.95,5.9,16329,United Kingdom,December,2009,Tuesday
2009-12-01 11:34:00,GLITTER STAR GARLAND WITH BELLS,1.0,3.75,3.75,16329,United Kingdom,December,2009,Tuesday
2009-12-01 11:34:00,WHITE HANGING HEART T-LIGHT HOLDER,1.0,2.95,2.95,16329,United Kingdom,December,2009,Tuesday
2009-12-01 11:34:00,HAIRCLIPS FORTIES FABRIC ASSORTED,12.0,0.65,7.800000000000001,16329,United Kingdom,December,2009,Tuesday
2009-12-01 11:34:00,PARTY CONE CHRISTMAS DECORATION,6.0,0.85,5.1,16329,United Kingdom,December,2009,Tuesday
2009-12-01 11:34:00,RETRO SPOT SMALL TUBE MATCHES,20.0,1.65,33.0,16329,United Kingdom,December,2009,Tuesday
2009-12-01 11:34:00,PINK CREAM FELT CRAFT TRINKET BOX,1.0,1.25,1.25,16329,United Kingdom,December,2009,Tuesday
2009-12-01 11:34:00,VINTAGE HEADS AND TAILS CARD GAME,6.0,1.25,7.5,16329,United Kingdom,December,2009,Tuesday
2009-12-01 11:34:00,VINTAGE SNAP CARDS,4.0,0.85,3.4,16329,United Kingdom,December,2009,Tuesday
2009-12-01 11:34:00,JUMBO STORAGE BAG SUKI,1.0,1.95,1.95,16329,United Kingdom,December,2009,Tuesday
2009-12-01 11:34:00,JUMBO BAG TOYS,1.0,1.95,1.95,16329,United Kingdom,December,2009,Tuesday
2009-12-01 11:34:00,CAROUSEL DES CHILD'S APRON,1.0,1.65,1.65,16329,United Kingdom,December,2009,Tuesday
2009-12-01 11:34:00,RED 3 PIECE MINI DOTS CUTLERY SET,12.0,3.75,45.0,16329,United Kingdom,December,2009,Tuesday
2009-12-01 11:34:00,GREEN 3 PIECE MINI DOTS CUTLERY SET,12.0,3.75,45.0,16329,United Kingdom,December,2009,Tuesday
2009-12-01 11:34:00,SET OF THREE VINTAGE GIFT WRAPS,1.0,1.95,1.95,16329,United Kingdom,December,2009,Tuesday
2009-12-01 11:34:00,SET OF 2 FANCY FONT TEA TOWELS,12.0,2.95,35.400000000000006,16329,United Kingdom,December,2009,Tuesday
2009-12-01 11:34:00,PINK BLUE FELT CRAFT TRINKET BOX,1.0,1.25,1.25,16329,United Kingdom,December,2009,Tuesday
2009-12-01 11:34:00,SET OF MEADOW  FLOWER STICKERS,1.0,2.95,2.95,16329,United Kingdom,December,2009,Tuesday
2009-12-01 11:34:00,CROSS STITCH ALPHABET CUSHION COVER,2.0,5.95,11.9,16329,United Kingdom,December,2009,Tuesday
2009-12-01 11:34:00,S/4 PISTACHIO LOVEBIRD COASTERS,1.0,2.55,2.55,16329,United Kingdom,December,2009,Tuesday
2009-12-01 11:34:00,HEART DECORATION PAINTED ZINC,1.0,0.65,0.65,16329,United Kingdom,December,2009,Tuesday
2009-12-01 11:34:00,VINTAGE HEADS AND TAILS CARD GAME,1.0,1.25,1.25,16329,United Kingdom,December,2009,Tuesday
2009-12-01 11:34:00,VINTAGE SNAP CARDS,1.0,0.85,0.85,16329,United Kingdom,December,2009,Tuesday
2009-12-01 11:34:00,"WHITE PEARL BEADED HEART, SMALL",1.0,1.25,1.25,16329,United Kingdom,December,2009,Tuesday
2009-12-01 11:34:00,GINGHAM HEART DECORATION,1.0,2.95,2.95,16329,United Kingdom,December,2009,Tuesday
2009-12-01 11:34:00,BLUE  SPOTTY PLATE,4.0,1.69,6.76,16329,United Kingdom,December,2009,Tuesday
2009-12-01 11:34:00,BLUE SPOTTY BOWL,4.0,1.25,5.0,16329,United Kingdom,December,2009,Tuesday
2009-12-01 11:37:00,PAPER CHAIN KIT 50'S CHRISTMAS,12.0,2.95,35.400000000000006,17700,United Kingdom,December,2009,Tuesday
2009-12-01 11:37:00,WHITE HANGING HEART T-LIGHT HOLDER,32.0,2.55,81.6,17700,United Kingdom,December,2009,Tuesday
2009-12-01 11:37:00,FRAPPUCINO SCARF KNITTING KIT,6.0,2.95,17.700000000000003,17700,United Kingdom,December,2009,Tuesday
2009-12-01 11:37:00,WASH BAG VINTAGE ROSE PAISLEY,6.0,2.55,15.3,17700,United Kingdom,December,2009,Tuesday
2009-12-01 11:37:00,GREEN ROSE WASHBAG,4.0,3.75,15.0,17700,United Kingdom,December,2009,Tuesday
2009-12-01 11:37:00,BLUE/BROWN DOTS RUFFLED UMBRELLA,3.0,5.95,17.85,17700,United Kingdom,December,2009,Tuesday
2009-12-01 11:37:00,BLACK/BLUE DOTS RUFFLED UMBRELLA,3.0,5.95,17.85,17700,United Kingdom,December,2009,Tuesday
2009-12-01 11:37:00,RED/WHITE DOTS RUFFLED UMBRELLA,3.0,5.95,17.85,17700,United Kingdom,December,2009,Tuesday
2009-12-01 11:37:00,PINK/BROWN DOTS RUFFLED UMBRELLA,3.0,5.95,17.85,17700,United Kingdom,December,2009,Tuesday
2009-12-01 11:37:00,AGED GLASS SILVER T-LIGHT HOLDER,12.0,0.65,7.800000000000001,17700,United Kingdom,December,2009,Tuesday
2009-12-01 11:37:00,ANTIQUE SILVER TEA GLASS ETCHED,12.0,1.25,15.0,17700,United Kingdom,December,2009,Tuesday
2009-12-01 11:37:00,SILVER HANGING T-LIGHT HOLDER,6.0,1.65,9.9,17700,United Kingdom,December,2009,Tuesday
2009-12-01 11:37:00,SET OF THREE VINTAGE GIFT WRAPS,6.0,1.95,11.7,17700,United Kingdom,December,2009,Tuesday
2009-12-01 11:37:00,CHOCOLATE THIS WAY METAL SIGN,6.0,2.1,12.6,17700,United Kingdom,December,2009,Tuesday
2009-12-01 11:37:00,PLEASE ONE PERSON  METAL SIGN,6.0,2.1,12.6,17700,United Kingdom,December,2009,Tuesday
2009-12-01 11:37:00,WOOD 2 DRAWER CABINET WHITE FINISH,3.0,5.95,17.85,17700,United Kingdom,December,2009,Tuesday
2009-12-01 11:37:00,SILVER CHERRY LIGHTS,4.0,6.75,27.0,17700,United Kingdom,December,2009,Tuesday
2009-12-01 11:37:00,MIRRORED WALL ART POPPIES,6.0,2.55,15.3,17700,United Kingdom,December,2009,Tuesday
2009-12-01 11:37:00,HAND OVER THE CHOCOLATE   SIGN,6.0,2.1,12.6,17700,United Kingdom,December,2009,Tuesday
2009-12-01 11:37:00,PAINTED BIRD ASSORTED CHRISTMAS,12.0,1.69,20.28,17700,United Kingdom,December,2009,Tuesday
2009-12-01 11:37:00,12 PENCILS TALL TUBE POSY,12.0,0.85,10.2,17700,United Kingdom,December,2009,Tuesday
2009-12-01 11:37:00,12 PENCILS TALL TUBE SKULLS,12.0,0.85,10.2,17700,United Kingdom,December,2009,Tuesday
2009-12-01 11:37:00,LARGE HEART FLOWERS HOOK,12.0,1.25,15.0,17700,United Kingdom,December,2009,Tuesday
2009-12-01 11:37:00,VINTAGE SNAKES & LADDERS,8.0,3.75,30.0,17700,United Kingdom,December,2009,Tuesday
2009-12-01 11:37:00,2 DAISIES HAIR COMB,6.0,2.95,17.700000000000003,17700,United Kingdom,December,2009,Tuesday
2009-12-01 11:37:00,ANT WHITE WIRE HEART SPIRAL,5.0,3.95,19.75,17700,United Kingdom,December,2009,Tuesday
2009-12-01 11:37:00,WHITE CHERRY LIGHTS,4.0,6.75,27.0,17700,United Kingdom,December,2009,Tuesday
2009-12-01 11:37:00,GREEN VINTAGE EARRINGS,4.0,3.75,15.0,17700,United Kingdom,December,2009,Tuesday
2009-12-01 11:37:00,FILIGREE DIAMANTE EARRINGS,2.0,4.25,8.5,17700,United Kingdom,December,2009,Tuesday
2009-12-01 11:37:00,PINK VINTAGE VICTORIAN EARRINGS,6.0,2.95,17.700000000000003,17700,United Kingdom,December,2009,Tuesday
2009-12-01 11:37:00,BROWN VINTAGE VICTORIAN EARRINGS,6.0,2.95,17.700000000000003,17700,United Kingdom,December,2009,Tuesday
2009-12-01 11:37:00,SILVER HOOP EARRINGS WITH FLOWER,2.0,5.95,11.9,17700,United Kingdom,December,2009,Tuesday
2009-12-01 11:37:00,RASPBERRY ANT COPPER FLOWER NECKLAC,2.0,5.95,11.9,17700,United Kingdom,December,2009,Tuesday
2009-12-01 11:37:00,NEW BAROQUE B'FLY NECKLACE RED,2.0,8.5,17.0,17700,United Kingdom,December,2009,Tuesday
2009-12-01 11:37:00,"FLOWER GLASS GARLAND NECKL.36""BLACK",3.0,7.95,23.85,17700,United Kingdom,December,2009,Tuesday
2009-12-01 11:37:00,OLD ROSE COMBO BEAD NECKLACE,6.0,2.95,17.700000000000003,17700,United Kingdom,December,2009,Tuesday
2009-12-01 11:37:00,PINK/AMETHYST/GOLD NECKLACE,2.0,6.95,13.9,17700,United Kingdom,December,2009,Tuesday
2009-12-01 11:37:00,5 STRAND GLASS NECKLACE CRYSTAL,2.0,6.35,12.7,17700,United Kingdom,December,2009,Tuesday
2009-12-01 11:41:00,PURPLE CURRENT CANDLE RING,12.0,0.75,9.0,14911,EIRE,December,2009,Tuesday
2009-12-01 11:41:00,WHITE CHOCOLATE SCENT CANDLE,12.0,1.25,15.0,14911,EIRE,December,2009,Tuesday
2009-12-01 11:41:00,HOT WATER BOTTLE TEA AND SYMPATHY,8.0,3.95,31.6,14911,EIRE,December,2009,Tuesday
2009-12-01 11:41:00,FOUR HOOK  WHITE LOVEBIRDS,6.0,2.1,12.6,14911,EIRE,December,2009,Tuesday
2009-12-01 11:41:00,FANCY FONT HOME SWEET HOME DOORMAT,2.0,6.75,13.5,14911,EIRE,December,2009,Tuesday
2009-12-01 11:41:00,DOOR MAT NEW ENGLAND,2.0,6.75,13.5,14911,EIRE,December,2009,Tuesday
2009-12-01 11:41:00,DOOR MAT GREEN PAISLEY,2.0,6.75,13.5,14911,EIRE,December,2009,Tuesday
2009-12-01 11:41:00,GRAND CHOCOLATECANDLE,36.0,1.45,52.2,14911,EIRE,December,2009,Tuesday
2009-12-01 11:41:00,SET/3 DECOUPAGE STACKING TINS,3.0,4.95,14.85,14911,EIRE,December,2009,Tuesday
2009-12-01 11:41:00,GLITTER BUTTERFLY CLIPS,6.0,2.55,15.3,14911,EIRE,December,2009,Tuesday
2009-12-01 11:41:00,RIBBON REEL SPOTS DESIGN,10.0,1.65,16.5,14911,EIRE,December,2009,Tuesday
2009-12-01 11:41:00,RIBBON REEL STRIPES DESIGN,10.0,1.65,16.5,14911,EIRE,December,2009,Tuesday
2009-12-01 11:41:00,HOME BUILDING BLOCK WORD,6.0,5.95,35.7,14911,EIRE,December,2009,Tuesday
2009-12-01 11:41:00,SHOE SHINE BOX,4.0,9.95,39.8,14911,EIRE,December,2009,Tuesday
2009-12-01 11:41:00,PARTY METAL SIGN,12.0,1.45,17.4,14911,EIRE,December,2009,Tuesday
2009-12-01 11:41:00,PLEASE ONE PERSON  METAL SIGN,6.0,2.1,12.6,14911,EIRE,December,2009,Tuesday
2009-12-01 11:41:00,NO SINGING METAL SIGN,12.0,2.1,25.200000000000003,14911,EIRE,December,2009,Tuesday
2009-12-01 11:41:00,12 EGG HOUSE PAINTED WOOD,4.0,12.75,51.0,14911,EIRE,December,2009,Tuesday
2009-12-01 11:41:00,PINK HEART CANDY BUTTON CALCULATOR,54.0,2.55,137.7,14911,EIRE,December,2009,Tuesday
2009-12-01 11:41:00,PAPER BUNTING VINTAGE PAISLEY,6.0,2.95,17.700000000000003,14911,EIRE,December,2009,Tuesday
2009-12-01 11:41:00,SET/3 RED GINGHAM ROSE STORAGE BOX,4.0,3.75,15.0,14911,EIRE,December,2009,Tuesday
2009-12-01 11:41:00,SILVER MINI TAPE MEASURE,10.0,0.85,8.5,14911,EIRE,December,2009,Tuesday
2009-12-01 11:41:00,PAINTED BIRD ASSORTED CHRISTMAS,12.0,1.69,20.28,14911,EIRE,December,2009,Tuesday
2009-12-01 11:41:00,ASSORTED SANTA CHRISTMAS DECORATION,12.0,0.85,10.2,14911,EIRE,December,2009,Tuesday
2009-12-01 11:41:00,PAPER CHAIN KIT RETRO SPOT,6.0,2.95,17.700000000000003,14911,EIRE,December,2009,Tuesday
2009-12-01 11:41:00,PAPER CHAIN KIT 50'S CHRISTMAS,6.0,2.95,17.700000000000003,14911,EIRE,December,2009,Tuesday
2009-12-01 11:41:00,NOEL WOODEN BLOCK LETTERS,3.0,5.95,17.85,14911,EIRE,December,2009,Tuesday
2009-12-01 11:41:00,RED SPOT HEART HOT WATER BOTTLE,3.0,4.95,14.85,14911,EIRE,December,2009,Tuesday
2009-12-01 11:41:00,ZINC METAL HEART DECORATION,12.0,1.25,15.0,14911,EIRE,December,2009,Tuesday
2009-12-01 11:41:00,SET OF 2 FANCY FONT TEA TOWELS,12.0,2.95,35.400000000000006,14911,EIRE,December,2009,Tuesday
2009-12-01 11:45:00,SET 12 RETRO WHITE CHALK STICKS,3.0,0.42,1.26,15998,United Kingdom,December,2009,Tuesday
2009-12-01 11:45:00,VINTAGE CREAM 3 BASKET CAKE STAND,1.0,9.95,9.95,15998,United Kingdom,December,2009,Tuesday
2009-12-01 11:45:00,YELLOW RED FLOWER PIGGY BANK,1.0,4.65,4.65,15998,United Kingdom,December,2009,Tuesday
2009-12-01 11:45:00,WHITE SKULL HOT WATER BOTTLE,2.0,3.75,7.5,15998,United Kingdom,December,2009,Tuesday
2009-12-01 11:45:00,COLOURING PENCILS BROWN TUBE,6.0,0.85,5.1,15998,United Kingdom,December,2009,Tuesday
2009-12-01 11:45:00,GREY HEART HOT WATER BOTTLE,4.0,3.45,13.8,15998,United Kingdom,December,2009,Tuesday
2009-12-01 11:45:00,CAMOUFLAGE EAR MUFF HEADPHONES,1.0,5.49,5.49,15998,United Kingdom,December,2009,Tuesday
2009-12-01 11:45:00,LOCAL CAFE MUG,1.0,2.1,2.1,15998,United Kingdom,December,2009,Tuesday
2009-12-01 11:45:00,SCOTTIE DOG HOT WATER BOTTLE,2.0,4.95,9.9,15998,United Kingdom,December,2009,Tuesday
2009-12-01 11:45:00,KNITTED UNION FLAG HOT WATER BOTTLE,1.0,3.75,3.75,15998,United Kingdom,December,2009,Tuesday
2009-12-01 11:45:00,HOT WATER BOTTLE TEA AND SYMPATHY,1.0,3.95,3.95,15998,United Kingdom,December,2009,Tuesday
2009-12-01 11:45:00,BLUE WHITE SCARF HOT WATER BOTTLE,1.0,3.95,3.95,15998,United Kingdom,December,2009,Tuesday
2009-12-01 11:45:00,GEISHA GIRL CHOPSTICKS SET/5,6.0,1.95,11.7,15998,United Kingdom,December,2009,Tuesday
2009-12-01 11:45:00,URBAN CHIC CHOPSTICKS SET/5,2.0,1.95,3.9,15998,United Kingdom,December,2009,Tuesday
2009-12-01 11:45:00,POTTING SHED TEA MUG,1.0,1.25,1.25,15998,United Kingdom,December,2009,Tuesday
2009-12-01 11:45:00,KINGS CHOICE MUG,1.0,1.25,1.25,15998,United Kingdom,December,2009,Tuesday
2009-12-01 11:45:00,POTTING SHED COFFEE MUG,1.0,1.25,1.25,15998,United Kingdom,December,2009,Tuesday
2009-12-01 11:45:00,EIGHT PIECE DINOSAUR SET,3.0,1.25,3.75,15998,United Kingdom,December,2009,Tuesday
2009-12-01 11:45:00,EIGHT PIECE CREEPY CRAWLIE SET,3.0,1.25,3.75,15998,United Kingdom,December,2009,Tuesday
2009-12-01 11:45:00,EIGHT PIECE SNAKE  SET,3.0,1.25,3.75,15998,United Kingdom,December,2009,Tuesday
2009-12-01 11:45:00,RATTLE SNAKE EGGS,4.0,1.25,5.0,15998,United Kingdom,December,2009,Tuesday
2009-12-01 11:45:00,DINOSAUR KEYRINGS ASSORTED,36.0,0.21,7.56,15998,United Kingdom,December,2009,Tuesday
2009-12-01 11:45:00,KINGS CHOICE SMALL TUBE MATCHES,2.0,1.65,3.3,15998,United Kingdom,December,2009,Tuesday
2009-12-01 11:45:00,RETRO SPOT SMALL TUBE MATCHES,2.0,1.65,3.3,15998,United Kingdom,December,2009,Tuesday
2009-12-01 11:45:00,ASSORTED TUTTI FRUTTI NOTEBOOK,6.0,2.1,12.6,15998,United Kingdom,December,2009,Tuesday
2009-12-01 11:45:00,WOODEN BOX ADVENT CALENDAR,2.0,8.95,17.9,15998,United Kingdom,December,2009,Tuesday
2009-12-01 11:45:00,CAKE STAND LACE WHITE,1.0,4.25,4.25,15998,United Kingdom,December,2009,Tuesday
2009-12-01 11:45:00,CAKE PLATE LOVEBIRD WHITE,1.0,4.95,4.95,15998,United Kingdom,December,2009,Tuesday
2009-12-01 11:45:00,COFFEE MUG DOG + BALL DESIGN,3.0,2.55,7.649999999999999,15998,United Kingdom,December,2009,Tuesday
2009-12-01 11:45:00,COFFEE MUG CAT + BIRD DESIGN,3.0,2.55,7.649999999999999,15998,United Kingdom,December,2009,Tuesday
2009-12-01 11:45:00,COFFEE MUG PINK PAISLEY DESIGN,3.0,2.55,7.649999999999999,15998,United Kingdom,December,2009,Tuesday
2009-12-01 11:45:00,COFFEE MUG BLUE PAISLEY DESIGN,3.0,2.55,7.649999999999999,15998,United Kingdom,December,2009,Tuesday
2009-12-01 11:45:00,COFFEE MUG PEARS  DESIGN,3.0,2.55,7.649999999999999,15998,United Kingdom,December,2009,Tuesday
2009-12-01 11:45:00,COFFEE MUG APPLES DESIGN,3.0,2.55,7.649999999999999,15998,United Kingdom,December,2009,Tuesday
2009-12-01 11:45:00,PARTY CONES CARNIVAL ASSORTED,6.0,1.25,7.5,15998,United Kingdom,December,2009,Tuesday
2009-12-01 11:45:00,PARTY CONE CHRISTMAS DECORATION,24.0,0.85,20.4,15998,United Kingdom,December,2009,Tuesday
2009-12-01 11:45:00,ANTIQUE GLASS HEART DECORATION,7.0,1.95,13.65,15998,United Kingdom,December,2009,Tuesday
2009-12-01 11:45:00,ASSORTED TUTTI FRUTTI KEYRING,10.0,0.85,8.5,15998,United Kingdom,December,2009,Tuesday
2009-12-01 11:45:00,ANGEL DECORATION 3 BUTTONS,6.0,0.42,2.52,15998,United Kingdom,December,2009,Tuesday
2009-12-01 11:45:00,STAR DECORATION RUSTIC,6.0,0.42,2.52,15998,United Kingdom,December,2009,Tuesday
2009-12-01 11:45:00,HEART FILIGREE DOVE  SMALL,6.0,1.25,7.5,15998,United Kingdom,December,2009,Tuesday
2009-12-01 11:45:00,PAINTED BIRD ASSORTED CHRISTMAS,6.0,1.69,10.14,15998,United Kingdom,December,2009,Tuesday
2009-12-01 11:45:00,WOODEN BOX OF DOMINOES,2.0,1.25,2.5,15998,United Kingdom,December,2009,Tuesday
2009-12-01 11:45:00,GREEN CHRISTMAS TREE STRING 20LIGHT,2.0,4.95,9.9,15998,United Kingdom,December,2009,Tuesday
2009-12-01 11:45:00,RED REINDEER STRING OF 20 LIGHTS,2.0,4.95,9.9,15998,United Kingdom,December,2009,Tuesday
2009-12-01 11:45:00,BINGO SET,3.0,3.75,11.25,15998,United Kingdom,December,2009,Tuesday
2009-12-01 11:45:00,COSY HOUR GIANT TUBE MATCHES,6.0,2.55,15.3,15998,United Kingdom,December,2009,Tuesday
2009-12-01 11:45:00,RETRO SPOT GIANT  TUBE MATCHES,2.0,2.55,5.1,15998,United Kingdom,December,2009,Tuesday
2009-12-01 11:45:00,KINGS CHOICE GIANT TUBE MATCHES,4.0,2.55,10.2,15998,United Kingdom,December,2009,Tuesday
2009-12-01 11:45:00,GLITTER CHRISTMAS HEART,6.0,0.85,5.1,15998,United Kingdom,December,2009,Tuesday
2009-12-01 11:45:00,GLITTER CHRISTMAS STAR,6.0,0.85,5.1,15998,United Kingdom,December,2009,Tuesday
2009-12-01 11:45:00,GLITTER CHRISTMAS TREE,6.0,0.85,5.1,15998,United Kingdom,December,2009,Tuesday
2009-12-01 11:45:00,DOOR MAT 3 SMILEY CATS,1.0,6.75,6.75,15998,United Kingdom,December,2009,Tuesday
2009-12-01 11:45:00,RED SPOTTY COIR DOORMAT,1.0,6.75,6.75,15998,United Kingdom,December,2009,Tuesday
2009-12-01 11:45:00,DOORMAT HEARTS,1.0,6.75,6.75,15998,United Kingdom,December,2009,Tuesday
2009-12-01 11:45:00,SKULLS WRAP,25.0,0.42,10.5,15998,United Kingdom,December,2009,Tuesday
2009-12-01 11:45:00,MINATURE COLOURED GARDENING SET,2.0,4.95,9.9,15998,United Kingdom,December,2009,Tuesday
2009-12-01 11:45:00,COLOURING PENCILS BROWN TUBE,6.0,1.25,7.5,15998,United Kingdom,December,2009,Tuesday
2009-12-01 11:45:00,UNION JACK HOT WATER BOTTLE,4.0,5.95,23.8,15998,United Kingdom,December,2009,Tuesday
2009-12-01 11:45:00,GREEN BLUE FLOWER PIGGY BANK,1.0,4.65,4.65,15998,United Kingdom,December,2009,Tuesday
2009-12-01 11:45:00,PINK SPOTTY BOWL,1.0,1.25,1.25,15998,United Kingdom,December,2009,Tuesday
2009-12-01 11:45:00,RED SPOTTY BOWL,1.0,1.25,1.25,15998,United Kingdom,December,2009,Tuesday
2009-12-01 11:45:00,BLUE SPOTTY BOWL,1.0,1.25,1.25,15998,United Kingdom,December,2009,Tuesday
2009-12-01 11:45:00,SET/6 RED SPOTTY PAPER CUPS,8.0,0.65,5.2,15998,United Kingdom,December,2009,Tuesday
2009-12-01 11:45:00,SET OF 6 CAKE CHOPSTICKS,6.0,1.25,7.5,15998,United Kingdom,December,2009,Tuesday
2009-12-01 11:45:00,CAMOUFLAGE LED TORCH,12.0,1.69,20.28,15998,United Kingdom,December,2009,Tuesday
2009-12-01 11:45:00,CHOCOLATE CALCULATOR,5.0,1.65,8.25,15998,United Kingdom,December,2009,Tuesday
2009-12-01 11:45:00,200 RED + WHITE BENDY STRAWS,1.0,1.25,1.25,15998,United Kingdom,December,2009,Tuesday
2009-12-01 11:45:00,I CAN ONLY PLEASE ONE PERSON MUG,1.0,1.25,1.25,15998,United Kingdom,December,2009,Tuesday
2009-12-01 11:45:00,NO SINGING METAL SIGN,1.0,2.1,2.1,15998,United Kingdom,December,2009,Tuesday
2009-12-01 11:45:00,PLEASE ONE PERSON  METAL SIGN,2.0,2.1,4.2,15998,United Kingdom,December,2009,Tuesday
2009-12-01 11:45:00,METAL SIGN EMPIRE TEA,1.0,2.95,2.95,15998,United Kingdom,December,2009,Tuesday
2009-12-01 11:45:00,COOK WITH WINE METAL SIGN,2.0,1.95,3.9,15998,United Kingdom,December,2009,Tuesday
2009-12-01 11:45:00,GIN + TONIC DIET METAL SIGN,2.0,2.1,4.2,15998,United Kingdom,December,2009,Tuesday
2009-12-01 11:45:00,POTTERING IN THE SHED METAL SIGN,1.0,1.95,1.95,15998,United Kingdom,December,2009,Tuesday
2009-12-01 11:45:00,CHOCOLATE THIS WAY METAL SIGN,3.0,2.1,6.300000000000001,15998,United Kingdom,December,2009,Tuesday
2009-12-01 11:45:00,AREA PATROLLED METAL SIGN,1.0,2.1,2.1,15998,United Kingdom,December,2009,Tuesday
2009-12-01 11:45:00,HAND OVER THE CHOCOLATE   SIGN,2.0,2.1,4.2,15998,United Kingdom,December,2009,Tuesday
2009-12-01 11:45:00,LADIES & GENTLEMEN METAL SIGN,1.0,2.55,2.55,15998,United Kingdom,December,2009,Tuesday
2009-12-01 11:45:00,"POPCORN HOLDER , SMALL",10.0,0.85,8.5,15998,United Kingdom,December,2009,Tuesday
2009-12-01 11:45:00,SET/6 RED SPOTTY PAPER PLATES,4.0,0.85,3.4,15998,United Kingdom,December,2009,Tuesday
2009-12-01 11:45:00,SET/6 CHRISTMAS ICICLE T-LIGHTS,7.0,1.25,8.75,15998,United Kingdom,December,2009,Tuesday
2009-12-01 11:45:00,MIRROR MOSAIC T-LIGHT HOLDER ROUND,6.0,1.65,9.9,15998,United Kingdom,December,2009,Tuesday
2009-12-01 11:45:00,WHITE WITH BLACK CATS MUG,6.0,0.85,5.1,15998,United Kingdom,December,2009,Tuesday
2009-12-01 11:45:00,PAINTED METAL PEARS ASSORTED,8.0,1.69,13.52,15998,United Kingdom,December,2009,Tuesday
2009-12-01 11:45:00,LOVE BUILDING BLOCK WORD,1.0,5.95,5.95,15998,United Kingdom,December,2009,Tuesday
2009-12-01 11:45:00,ASSORTED COLOUR BIRD ORNAMENT,8.0,1.69,13.52,15998,United Kingdom,December,2009,Tuesday
2009-12-01 11:45:00,RED 3 PIECE MINI DOTS CUTLERY SET,1.0,3.75,3.75,15998,United Kingdom,December,2009,Tuesday
2009-12-01 11:45:00,PINK 3 PIECE MINI DOTS CUTLERY SET,1.0,3.75,3.75,15998,United Kingdom,December,2009,Tuesday
2009-12-01 11:45:00,BLUE 3 PIECE MINI DOTS CUTLERY SET,1.0,3.75,3.75,15998,United Kingdom,December,2009,Tuesday
2009-12-01 11:45:00,RED SPOTTY CUP,4.0,0.85,3.4,15998,United Kingdom,December,2009,Tuesday
2009-12-01 11:45:00,BLUE  SPOTTY CUP,4.0,0.85,3.4,15998,United Kingdom,December,2009,Tuesday
2009-12-01 11:45:00,PINK  SPOTTY CUP,4.0,0.85,3.4,15998,United Kingdom,December,2009,Tuesday
2009-12-01 11:45:00,MAGIC GARDEN MOUNT FUJI,4.0,2.55,10.2,15998,United Kingdom,December,2009,Tuesday
2009-12-01 11:45:00,MAGIC SHEEP WOOL GROWING FROM PAPER,4.0,2.55,10.2,15998,United Kingdom,December,2009,Tuesday
2009-12-01 11:45:00,6 RIBBONS RUSTIC CHARM,1.0,1.65,1.65,15998,United Kingdom,December,2009,Tuesday
2009-12-01 11:45:00,TRADITIONAL CHRISTMAS RIBBONS,2.0,1.25,2.5,15998,United Kingdom,December,2009,Tuesday
2009-12-01 11:45:00,SCANDINAVIAN REDS RIBBONS,2.0,1.25,2.5,15998,United Kingdom,December,2009,Tuesday
2009-12-01 11:45:00,6 RIBBONS ELEGANT CHRISTMAS,2.0,1.65,3.3,15998,United Kingdom,December,2009,Tuesday
2009-12-01 11:45:00,6 RIBBONS EMPIRE,1.0,1.65,1.65,15998,United Kingdom,December,2009,Tuesday
2009-12-01 11:45:00,WHITE CHERRY LIGHTS,1.0,6.75,6.75,15998,United Kingdom,December,2009,Tuesday
2009-12-01 11:45:00,LIGHT PINK CHERRY LIGHTS,1.0,6.75,6.75,15998,United Kingdom,December,2009,Tuesday
2009-12-01 11:45:00,BROWN FLOWER LIGHTS,1.0,6.75,6.75,15998,United Kingdom,December,2009,Tuesday
2009-12-01 11:45:00,WILLOW BRANCH LIGHTS.,6.0,6.75,40.5,15998,United Kingdom,December,2009,Tuesday
2009-12-01 11:46:00,ASSORTED COLOUR BIRD ORNAMENT,800.0,1.45,1160.0,12931,United Kingdom,December,2009,Tuesday
2009-12-01 11:50:00,SCANDINAVIAN REDS RIBBONS,12.0,1.25,15.0,12533,Germany,December,2009,Tuesday
2009-12-01 11:50:00,PACK OF 60 MUSHROOM CAKE CASES,24.0,0.55,13.2,12533,Germany,December,2009,Tuesday
2009-12-01 11:50:00,RED SPOTS  WRAP,25.0,0.42,10.5,12533,Germany,December,2009,Tuesday
2009-12-01 11:50:00,6 RIBBONS RUSTIC CHARM,12.0,1.65,19.8,12533,Germany,December,2009,Tuesday
2009-12-01 11:50:00,ANTIQUE SILVER TEA GLASS ETCHED,12.0,1.25,15.0,12533,Germany,December,2009,Tuesday
2009-12-01 11:50:00,SILVER HANGING T-LIGHT HOLDER DOME,24.0,1.65,39.6,12533,Germany,December,2009,Tuesday
2009-12-01 11:50:00,RETRO SPOTS PUDDING BOWL,4.0,4.25,17.0,12533,Germany,December,2009,Tuesday
2009-12-01 11:50:00,RED HANGING HEART T-LIGHT HOLDER,6.0,2.95,17.700000000000003,12533,Germany,December,2009,Tuesday
2009-12-01 11:50:00,WHITE HANGING HEART T-LIGHT HOLDER,6.0,2.95,17.700000000000003,12533,Germany,December,2009,Tuesday
2009-12-01 11:50:00,RED SPOTTY SHOPPER BAG,10.0,1.25,12.5,12533,Germany,December,2009,Tuesday
2009-12-01 11:50:00,RETRO SPOTS BUTTER DISH,3.0,4.95,14.85,12533,Germany,December,2009,Tuesday
2009-12-01 11:50:00,WRAP BLIZZARD,25.0,0.42,10.5,12533,Germany,December,2009,Tuesday
2009-12-01 11:50:00,ZINC METAL HEART DECORATION,24.0,1.25,30.0,12533,Germany,December,2009,Tuesday
2009-12-01 11:50:00,RETRO SPOT TRADITIONAL TEAPOT,2.0,7.95,15.9,12533,Germany,December,2009,Tuesday
2009-12-01 11:50:00,RETRO SPOT LARGE MILK JUG,6.0,4.95,29.700000000000003,12533,Germany,December,2009,Tuesday
2009-12-01 11:50:00,RETRO SPOT SUGAR JAM BOWL,6.0,2.55,15.3,12533,Germany,December,2009,Tuesday
2009-12-01 11:50:00,RETRO SPOT LAMP,3.0,9.95,29.85,12533,Germany,December,2009,Tuesday
2009-12-01 11:50:00,RETRO SPORT PARTY BAG + STICKER SET,8.0,1.65,13.2,12533,Germany,December,2009,Tuesday
2009-12-01 11:50:00,HAIRCLIPS FORTIES FABRIC ASSORTED,24.0,0.65,15.6,12533,Germany,December,2009,Tuesday
2009-12-01 11:50:00,SET/3 RUSSIAN DOLL STACKING TINS,9.0,4.95,44.55,12533,Germany,December,2009,Tuesday
2009-12-01 11:50:00,RED SPOTTY BOWL,8.0,1.25,10.0,12533,Germany,December,2009,Tuesday
2009-12-01 11:50:00,SET/5 RED SPOTTY LID GLASS BOWLS,12.0,2.95,35.400000000000006,12533,Germany,December,2009,Tuesday
2009-12-01 11:50:00,RED SPOTTY ROUND CAKE TINS,3.0,9.95,29.85,12533,Germany,December,2009,Tuesday
2009-12-01 11:50:00,RED SPOTTY CUP,16.0,0.85,13.6,12533,Germany,December,2009,Tuesday
2009-12-01 11:50:00,RED SPOTTY PLATE,8.0,1.69,13.52,12533,Germany,December,2009,Tuesday
2009-12-01 11:50:00,JIGSAW TOADSTOOLS 3 PIECE,8.0,1.65,13.2,12533,Germany,December,2009,Tuesday
2009-12-01 11:50:00,RETRO SPOT SMALL MILK JUG,6.0,2.55,15.3,12533,Germany,December,2009,Tuesday
2009-12-01 11:50:00,RETRO SPOT MUG,6.0,2.95,17.700000000000003,12533,Germany,December,2009,Tuesday
2009-12-01 11:50:00,RETRO SPOT STORAGE JAR,4.0,3.75,15.0,12533,Germany,December,2009,Tuesday
2009-12-01 11:50:00,TEA CUP AND SAUCER RETRO SPOT,4.0,3.75,15.0,12533,Germany,December,2009,Tuesday
2009-12-01 11:50:00,BIRD DECORATION RED SPOT,24.0,0.85,20.4,12533,Germany,December,2009,Tuesday
2009-12-01 11:50:00,EDWARDIAN PARASOL BLACK,6.0,5.95,35.7,12533,Germany,December,2009,Tuesday
2009-12-01 11:50:00,EDWARDIAN PARASOL NATURAL,6.0,5.95,35.7,12533,Germany,December,2009,Tuesday
2009-12-01 11:50:00,RED TOADSTOOL LED NIGHT LIGHT,12.0,1.65,19.8,12533,Germany,December,2009,Tuesday
2009-12-01 11:50:00,FELT TOADSTOOL LARGE,12.0,1.25,15.0,12533,Germany,December,2009,Tuesday
2009-12-01 11:50:00,FELT TOADSTOOL  SMALL,12.0,0.85,10.2,12533,Germany,December,2009,Tuesday
2009-12-01 11:50:00,POLYESTER FILLER PAD 40X40CM,2.0,1.45,2.9,12533,Germany,December,2009,Tuesday
2009-12-01 11:50:00,POLYESTER FILLER PAD 60X40CM,3.0,2.55,7.649999999999999,12533,Germany,December,2009,Tuesday
2009-12-01 11:50:00,KIDS RAIN MAC BLUE,24.0,0.85,20.4,12533,Germany,December,2009,Tuesday
2009-12-01 11:50:00,KIDS RAIN MAC PINK,24.0,0.85,20.4,12533,Germany,December,2009,Tuesday
2009-12-01 11:50:00,RED SPOTTY CHILDS UMBRELLA,6.0,3.25,19.5,12533,Germany,December,2009,Tuesday
2009-12-01 11:50:00,BLUE/BROWN DOTS RUFFLED UMBRELLA,3.0,5.95,17.85,12533,Germany,December,2009,Tuesday
2009-12-01 11:50:00,ZINC WILLIE WINKIE  CANDLE STICK,24.0,0.85,20.4,12533,Germany,December,2009,Tuesday
2009-12-01 11:50:00,POSTAGE,6.0,18.0,108.0,12533,Germany,December,2009,Tuesday
2009-12-01 11:51:00,CREAM SWEETHEART MAGAZINE RACK,1.0,16.95,16.95,17984,United Kingdom,December,2009,Tuesday
2009-12-01 11:51:00,DOOR MAT TOPIARY,1.0,6.75,6.75,17984,United Kingdom,December,2009,Tuesday
2009-12-01 11:51:00,SET OF THREE VINTAGE GIFT WRAPS,1.0,1.95,1.95,17984,United Kingdom,December,2009,Tuesday
2009-12-01 11:51:00,SWALLOWS GREETING CARD,1.0,0.42,0.42,17984,United Kingdom,December,2009,Tuesday
2009-12-01 11:51:00,SET/20 POSIES PAPER NAPKINS,1.0,0.85,0.85,17984,United Kingdom,December,2009,Tuesday
2009-12-01 11:51:00,BLUE PAISLEY NOTEBOOK,1.0,1.65,1.65,17984,United Kingdom,December,2009,Tuesday
2009-12-01 11:51:00,BLUE PAISLEY JOURNAL,1.0,2.55,2.55,17984,United Kingdom,December,2009,Tuesday
2009-12-01 11:51:00,PENNY FARTHING BIRTHDAY CARD,12.0,0.42,5.04,17984,United Kingdom,December,2009,Tuesday
2009-12-01 11:51:00,VIPPASSPORT COVER,1.0,2.1,2.1,17984,United Kingdom,December,2009,Tuesday
2009-12-01 11:51:00,SET/10 PINK SPOTTY PARTY CANDLES,1.0,1.25,1.25,17984,United Kingdom,December,2009,Tuesday
2009-12-01 11:51:00,SET/10 BLUE SPOTTY PARTY CANDLES,1.0,1.25,1.25,17984,United Kingdom,December,2009,Tuesday
2009-12-01 11:51:00,TROPICAL LUGGAGE TAG,1.0,1.25,1.25,17984,United Kingdom,December,2009,Tuesday
2009-12-01 11:51:00,"WRAP, FRIENDSHIP ON GREEN",25.0,0.42,10.5,17984,United Kingdom,December,2009,Tuesday
2009-12-01 11:51:00,STRAWBERRIES PRINT BOWL,4.0,1.25,5.0,17984,United Kingdom,December,2009,Tuesday
2009-12-01 11:51:00,COFFEE MUG DOG + BALL DESIGN,6.0,2.55,15.3,17984,United Kingdom,December,2009,Tuesday
2009-12-01 11:51:00,PACK 20 ENGLISH ROSE PAPER NAPKINS,1.0,0.85,0.85,17984,United Kingdom,December,2009,Tuesday
2009-12-01 11:51:00,PAPER CHAIN KIT 50'S CHRISTMAS,1.0,2.95,2.95,17984,United Kingdom,December,2009,Tuesday
2009-12-01 11:51:00,TROPICAL PASSPORT COVER,1.0,2.1,2.1,17984,United Kingdom,December,2009,Tuesday
2009-12-01 11:51:00,UNION JACK FLAG PASSPORT COVER,1.0,2.1,2.1,17984,United Kingdom,December,2009,Tuesday
2009-12-01 11:51:00,UNION JACK FLAG LUGGAGE TAG,1.0,1.25,1.25,17984,United Kingdom,December,2009,Tuesday
2009-12-01 11:51:00,VIP LUGGAGE TAG,1.0,1.25,1.25,17984,United Kingdom,December,2009,Tuesday
2009-12-01 11:51:00,BLUE WHITE SCARF HOT WATER BOTTLE,1.0,3.95,3.95,17984,United Kingdom,December,2009,Tuesday
2009-12-01 11:51:00,PINK STRAWBERRY HANDBAG,1.0,2.95,2.95,17984,United Kingdom,December,2009,Tuesday
2009-12-01 11:51:00,CHRYSANTHEMUM NOTEBOOK,1.0,1.65,1.65,17984,United Kingdom,December,2009,Tuesday
2009-12-01 11:51:00,GREEN FERN NOTEBOOK,2.0,1.65,3.3,17984,United Kingdom,December,2009,Tuesday
2009-12-01 11:51:00,SPACE BOY BIRTHDAY CARD,12.0,0.42,5.04,17984,United Kingdom,December,2009,Tuesday
2009-12-01 11:51:00,SWALLOWS GREETING CARD,12.0,0.42,5.04,17984,United Kingdom,December,2009,Tuesday
2009-12-01 11:51:00,RAINY LADIES BIRTHDAY CARD,12.0,0.42,5.04,17984,United Kingdom,December,2009,Tuesday
2009-12-01 11:51:00,ROBOT BIRTHDAY CARD,12.0,0.42,5.04,17984,United Kingdom,December,2009,Tuesday
2009-12-01 11:51:00,DINOSAUR BIRTHDAY CARD,12.0,0.42,5.04,17984,United Kingdom,December,2009,Tuesday
2009-12-01 11:51:00,CAMOUFLAGE LED TORCH,2.0,1.69,3.38,17984,United Kingdom,December,2009,Tuesday
2009-12-01 11:51:00,MULTI HEARTS  STICKERS,3.0,0.85,2.55,17984,United Kingdom,December,2009,Tuesday
2009-12-01 11:51:00,SKULLS  WATER TRANSFER TATTOOS,2.0,0.85,1.7,17984,United Kingdom,December,2009,Tuesday
2009-12-01 11:51:00,ROSE DU SUD CHILDS APRON,1.0,4.25,4.25,17984,United Kingdom,December,2009,Tuesday
2009-12-01 11:51:00,12 PENCILS TALL TUBE POSY,1.0,0.85,0.85,17984,United Kingdom,December,2009,Tuesday
2009-12-01 11:51:00,12 PENCILS TALL TUBE SKULLS,2.0,0.85,1.7,17984,United Kingdom,December,2009,Tuesday
2009-12-01 11:51:00,PINK DRESS JEWELLERY STAND,1.0,2.95,2.95,17984,United Kingdom,December,2009,Tuesday
2009-12-01 11:51:00,BLACK STITCHED WALL CLOCK,1.0,3.75,3.75,17984,United Kingdom,December,2009,Tuesday
2009-12-01 11:51:00,RED GINGHAM ROSE JEWELLERY BOX,4.0,1.65,6.6,17984,United Kingdom,December,2009,Tuesday
2009-12-01 11:51:00,F FAIRY POTPOURRI CUSHIONS LAVENDER,1.0,1.69,1.69,17984,United Kingdom,December,2009,Tuesday
2009-12-01 11:51:00,PINK SPOTS  WRAP,25.0,0.42,10.5,17984,United Kingdom,December,2009,Tuesday
2009-12-01 11:51:00,GREEN GINGHAM FLOWER JEWELLERY BOX,4.0,1.65,6.6,17984,United Kingdom,December,2009,Tuesday
2009-12-01 11:51:00,VINTAGE SNAKES & LADDERS,2.0,3.75,7.5,17984,United Kingdom,December,2009,Tuesday
2009-12-01 11:51:00,PAPER CHAIN KIT 50'S CHRISTMAS,3.0,2.95,8.850000000000001,17984,United Kingdom,December,2009,Tuesday
2009-12-01 11:51:00,KENSINGTON COFFEE SET,1.0,12.75,12.75,17984,United Kingdom,December,2009,Tuesday
2009-12-01 11:51:00,SET OF THREE 50'S GIFT WRAPS,2.0,1.95,3.9,17984,United Kingdom,December,2009,Tuesday
2009-12-01 11:51:00,OCEAN SCENT CANDLE IN JEWELLED BOX,3.0,4.25,12.75,17984,United Kingdom,December,2009,Tuesday
2009-12-01 11:57:00,GLASS HONEYPOT WASP CATCHER,1.0,1.95,1.95,14871,United Kingdom,December,2009,Tuesday
2009-12-01 11:57:00,COLOUR GLASS. STAR T-LIGHT HOLDER,12.0,3.25,39.0,14871,United Kingdom,December,2009,Tuesday
2009-12-01 11:57:00,ANTIQUE LILY FAIRY LIGHTS,4.0,4.95,19.8,14871,United Kingdom,December,2009,Tuesday
2009-12-01 11:57:00,WHITE HANGING HEART T-LIGHT HOLDER,5.0,2.95,14.75,14871,United Kingdom,December,2009,Tuesday
2009-12-01 11:57:00,KINGS CHOICE CIGAR BOX MATCHES,4.0,1.25,5.0,14871,United Kingdom,December,2009,Tuesday
2009-12-01 11:57:00,COSY HOUR CIGAR BOX MATCHES,7.0,1.25,8.75,14871,United Kingdom,December,2009,Tuesday
2009-12-01 11:57:00,KINGS CHOICE SMALL TUBE MATCHES,8.0,1.65,13.2,14871,United Kingdom,December,2009,Tuesday
2009-12-01 11:57:00,COSY HOUR GIANT TUBE MATCHES,6.0,2.55,15.3,14871,United Kingdom,December,2009,Tuesday
2009-12-01 11:57:00,WOOD S/3 CABINET ANT WHITE FINISH,1.0,7.95,7.95,14871,United Kingdom,December,2009,Tuesday
2009-12-01 11:57:00,WOOD 2 DRAWER CABINET WHITE FINISH,1.0,5.95,5.95,14871,United Kingdom,December,2009,Tuesday
2009-12-01 11:57:00,CHOCOLATE HOT WATER BOTTLE,1.0,4.95,4.95,14871,United Kingdom,December,2009,Tuesday
2009-12-01 11:57:00,SCOTTIE DOG HOT WATER BOTTLE,1.0,4.95,4.95,14871,United Kingdom,December,2009,Tuesday
2009-12-01 11:57:00,S/4 FESTIVE GREEN DINNER CANDLES,2.0,1.25,2.5,14871,United Kingdom,December,2009,Tuesday
2009-12-01 11:57:00,REX CASH+CARRY JUMBO SHOPPER,1.0,0.95,0.95,14871,United Kingdom,December,2009,Tuesday
2009-12-01 11:58:00,BRIGHT BLUES RIBBONS,12.0,1.25,15.0,13394,United Kingdom,December,2009,Tuesday
2009-12-01 11:58:00,PACK OF 12 HEARTS DESIGN TISSUES,48.0,0.29,13.919999999999998,13394,United Kingdom,December,2009,Tuesday
2009-12-01 11:58:00,PACK OF 12 RED SPOTTY TISSUES,48.0,0.29,13.919999999999998,13394,United Kingdom,December,2009,Tuesday
2009-12-01 11:58:00,RECYCLED PENCIL WITH RABBIT ERASER,60.0,0.21,12.6,13394,United Kingdom,December,2009,Tuesday
2009-12-01 11:58:00,PAPER CHAIN KIT RETRO SPOT,6.0,2.95,17.700000000000003,13394,United Kingdom,December,2009,Tuesday
2009-12-01 11:58:00,PAPER CHAIN KIT 50'S CHRISTMAS,6.0,2.95,17.700000000000003,13394,United Kingdom,December,2009,Tuesday
2009-12-01 11:58:00,SCOTTIE DOG HOT WATER BOTTLE,3.0,4.95,14.85,13394,United Kingdom,December,2009,Tuesday
2009-12-01 11:58:00,ROTATING SILVER ANGELS T-LIGHT HLDR,6.0,2.55,15.3,13394,United Kingdom,December,2009,Tuesday
2009-12-01 11:58:00,RED SPOT HEART HOT WATER BOTTLE,3.0,4.95,14.85,13394,United Kingdom,December,2009,Tuesday
2009-12-01 11:58:00,PACK OF 72 RETRO SPOT CAKE CASES,24.0,0.55,13.2,13394,United Kingdom,December,2009,Tuesday
2009-12-01 11:58:00,60 GOLD AND SILVER FAIRY CAKE CASES,24.0,0.55,13.2,13394,United Kingdom,December,2009,Tuesday
2009-12-01 11:58:00,STRAWBERRY SCENTED SET/9 T-LIGHTS,12.0,0.85,10.2,13394,United Kingdom,December,2009,Tuesday
2009-12-01 11:58:00,CINAMMON SET OF 9 T-LIGHTS,24.0,0.85,20.4,13394,United Kingdom,December,2009,Tuesday
2009-12-01 11:58:00,FROSTED BOX 9 WHITE T-LIGHT CANDLES,12.0,0.42,5.04,13394,United Kingdom,December,2009,Tuesday
2009-12-01 11:58:00,SMALL RETRO SPOT MUG IN BOX  WHITE,6.0,3.75,22.5,13394,United Kingdom,December,2009,Tuesday
2009-12-01 11:58:00,SMALL RETRO SPOT MUG IN BOX  RED,6.0,3.75,22.5,13394,United Kingdom,December,2009,Tuesday
2009-12-01 11:58:00,6 RIBBONS RUSTIC CHARM,9.0,1.65,14.85,13394,United Kingdom,December,2009,Tuesday
2009-12-01 11:58:00,SET/3 TALL GLASS CANDLE HOLDER PINK,2.0,12.75,25.5,13394,United Kingdom,December,2009,Tuesday
2009-12-01 11:58:00,ASSTD DESIGN BUBBLE GUM RING,30.0,0.21,6.3,13394,United Kingdom,December,2009,Tuesday
2009-12-01 11:58:00,ROMANTIC PINKS RIBBONS,12.0,1.25,15.0,13394,United Kingdom,December,2009,Tuesday
2009-12-01 12:02:00,SILVER CHRISTMAS TREE BAUBLE STAND,1.0,16.95,16.95,16011,United Kingdom,December,2009,Tuesday
2009-12-01 12:02:00,CORONA MEXICAN TRAY,1.0,3.75,3.75,16011,United Kingdom,December,2009,Tuesday
2009-12-01 12:02:00,MILK PAN RED RETROSPOT,1.0,3.75,3.75,16011,United Kingdom,December,2009,Tuesday
2009-12-01 12:02:00,SILVER SLEIGHBELL  WREATH,4.0,7.95,31.8,16011,United Kingdom,December,2009,Tuesday
2009-12-01 12:02:00,ANTIQUE SILVER TEA GLASS ETCHED,6.0,1.25,7.5,16011,United Kingdom,December,2009,Tuesday
2009-12-01 12:02:00,COFFEE MUG DOG + BALL DESIGN,6.0,2.55,15.3,16011,United Kingdom,December,2009,Tuesday
2009-12-01 12:02:00,RETRO SPOT SMALL MILK JUG,1.0,2.55,2.55,16011,United Kingdom,December,2009,Tuesday
2009-12-01 12:02:00,DAIRY MAID CERAMIC BUTTER DISH,2.0,4.25,8.5,16011,United Kingdom,December,2009,Tuesday
2009-12-01 12:02:00,DAIRY MAID  PUDDING BOWL,1.0,3.75,3.75,16011,United Kingdom,December,2009,Tuesday
2009-12-01 12:02:00,RETRO SPOT STORAGE JAR,1.0,3.75,3.75,16011,United Kingdom,December,2009,Tuesday
2009-12-01 12:02:00,DAIRY MAID LARGE MILK JUG,1.0,4.95,4.95,16011,United Kingdom,December,2009,Tuesday
2009-12-01 12:02:00,RETRO SPOT LARGE MILK JUG,1.0,4.95,4.95,16011,United Kingdom,December,2009,Tuesday
2009-12-01 12:02:00,ZINC METAL HEART DECORATION,12.0,1.25,15.0,16011,United Kingdom,December,2009,Tuesday
2009-12-01 12:02:00,FRENCH ENAMEL CANDLEHOLDER,2.0,2.1,4.2,16011,United Kingdom,December,2009,Tuesday
2009-12-01 12:02:00,BATH BUILDING BLOCK WORD,1.0,5.95,5.95,16011,United Kingdom,December,2009,Tuesday
2009-12-01 12:02:00,JOY WOODEN BLOCK LETTERS,1.0,4.95,4.95,16011,United Kingdom,December,2009,Tuesday
2009-12-01 12:02:00,HOME BUILDING BLOCK WORD,2.0,5.95,11.9,16011,United Kingdom,December,2009,Tuesday
2009-12-01 12:02:00,HANGING HEART ZINC T-LIGHT HOLDER,12.0,0.85,10.2,16011,United Kingdom,December,2009,Tuesday
2009-12-01 12:02:00,JOY WOODEN BLOCK LETTERS,2.0,4.95,9.9,16011,United Kingdom,December,2009,Tuesday
2009-12-01 12:02:00,LOVE BUILDING BLOCK WORD,2.0,5.95,11.9,16011,United Kingdom,December,2009,Tuesday
2009-12-01 12:13:00,LARGE CAMPHOR WOOD FIELD MUSHROOM,2.0,5.45,10.9,16393,United Kingdom,December,2009,Tuesday
2009-12-01 12:13:00,FULL ENGLISH BREAKFAST PLATE,1.0,3.75,3.75,16393,United Kingdom,December,2009,Tuesday
2009-12-01 12:13:00,UNION JACK FLAG PASSPORT COVER,1.0,2.1,2.1,16393,United Kingdom,December,2009,Tuesday
2009-12-01 12:13:00,DOOR MAT TOPIARY,1.0,6.75,6.75,16393,United Kingdom,December,2009,Tuesday
2009-12-01 12:13:00,RED STAR CARD HOLDER,1.0,2.95,2.95,16393,United Kingdom,December,2009,Tuesday
2009-12-01 12:13:00,ENGLISH ROSE GARDEN SECATEURS,2.0,1.95,3.9,16393,United Kingdom,December,2009,Tuesday
2009-12-01 12:13:00,ENGLISH ROSE TORCH,2.0,1.65,3.3,16393,United Kingdom,December,2009,Tuesday
2009-12-01 12:13:00,CHRISTMAS HANGING TREE WITH BELL,1.0,1.25,1.25,16393,United Kingdom,December,2009,Tuesday
2009-12-01 12:13:00,6 RIBBONS ELEGANT CHRISTMAS,1.0,1.65,1.65,16393,United Kingdom,December,2009,Tuesday
2009-12-01 12:13:00,WHITE DOVE HONEYCOMB PAPER GARLAND,2.0,1.65,3.3,16393,United Kingdom,December,2009,Tuesday
2009-12-01 12:13:00,PAPER CHAIN KIT 50'S CHRISTMAS,1.0,2.95,2.95,16393,United Kingdom,December,2009,Tuesday
2009-12-01 12:13:00,SET OF 12 LILY BOTANICAL T-LIGHTS,2.0,2.95,5.9,16393,United Kingdom,December,2009,Tuesday
2009-12-01 12:13:00,GREY HEART HOT WATER BOTTLE,2.0,3.45,6.9,16393,United Kingdom,December,2009,Tuesday
2009-12-01 12:13:00,PINK STRIPE HOT WATER BOTTLE,1.0,2.95,2.95,16393,United Kingdom,December,2009,Tuesday
2009-12-01 12:13:00,HEART FILIGREE DOVE LARGE,2.0,1.65,3.3,16393,United Kingdom,December,2009,Tuesday
2009-12-01 12:13:00,SET/6 IVORY BIRD T-LIGHT CANDLES,1.0,2.1,2.1,16393,United Kingdom,December,2009,Tuesday
2009-12-01 12:13:00,SET/6 SILVER REINDEER T-LIGHTS,1.0,1.95,1.95,16393,United Kingdom,December,2009,Tuesday
2009-12-01 12:13:00,SET/6 BLACK SNOWFLAKE T-LIGHTS,1.0,1.69,1.69,16393,United Kingdom,December,2009,Tuesday
2009-12-01 12:13:00,SLATE TILE NATURAL HANGING,2.0,1.65,3.3,16393,United Kingdom,December,2009,Tuesday
2009-12-01 12:13:00,RAIN HAT WITH RED SPOTS,1.0,0.42,0.42,16393,United Kingdom,December,2009,Tuesday
2009-12-01 12:13:00,RETRO BLUE SPOTTY WASHING UP GLOVES,1.0,2.1,2.1,16393,United Kingdom,December,2009,Tuesday
2009-12-01 12:13:00,RETRO RED SPOTTY WASHING UP GLOVES,1.0,2.1,2.1,16393,United Kingdom,December,2009,Tuesday
2009-12-01 12:13:00,WISE MAN STAR SHAPE EGG PAN,1.0,1.65,1.65,16393,United Kingdom,December,2009,Tuesday
2009-12-01 12:13:00,PINK UNION JACK  PASSPORT COVER,1.0,2.1,2.1,16393,United Kingdom,December,2009,Tuesday
2009-12-01 12:13:00,CHOCOLATE CALCULATOR,1.0,1.65,1.65,16393,United Kingdom,December,2009,Tuesday
2009-12-01 12:13:00,BLUE CHARLIE+LOLA PERSONAL DOORSIGN,1.0,2.95,2.95,16393,United Kingdom,December,2009,Tuesday
2009-12-01 12:13:00,RED CHARLIE+LOLA PERSONAL DOORSIGN,1.0,2.95,2.95,16393,United Kingdom,December,2009,Tuesday
2009-12-01 12:13:00,SET OF 6 CAKE CHOPSTICKS,1.0,1.25,1.25,16393,United Kingdom,December,2009,Tuesday
2009-12-01 12:13:00,VINTAGE HEADS AND TAILS CARD GAME,2.0,1.25,2.5,16393,United Kingdom,December,2009,Tuesday
2009-12-01 12:13:00,SET 12 KIDS COLOUR  CHALK STICKS,2.0,0.42,0.84,16393,United Kingdom,December,2009,Tuesday
2009-12-01 12:13:00,PAPER CHAIN KIT 50'S CHRISTMAS,2.0,2.95,5.9,16393,United Kingdom,December,2009,Tuesday
2009-12-01 12:13:00,VINTAGE DESIGN GIFT TAGS,2.0,0.85,1.7,16393,United Kingdom,December,2009,Tuesday
2009-12-01 12:13:00,SET OF THREE VINTAGE GIFT WRAPS,2.0,1.95,3.9,16393,United Kingdom,December,2009,Tuesday
2009-12-01 12:13:00,"FEATHER DUSTER, COAL BLACK",1.0,1.25,1.25,16393,United Kingdom,December,2009,Tuesday
2009-12-01 12:13:00,REX CASH+CARRY JUMBO SHOPPER,1.0,0.95,0.95,16393,United Kingdom,December,2009,Tuesday
2009-12-01 12:13:00,CROCHET BEAR WITH BLUE STRIPES,1.0,2.55,2.55,16393,United Kingdom,December,2009,Tuesday
2009-12-01 12:13:00,SMALL SKULL WINDMILL,1.0,1.25,1.25,16393,United Kingdom,December,2009,Tuesday
2009-12-01 12:13:00,"POPCORN HOLDER , SMALL",1.0,0.85,0.85,16393,United Kingdom,December,2009,Tuesday
2009-12-01 12:13:00,PIZZA PLATE IN BOX,1.0,3.75,3.75,16393,United Kingdom,December,2009,Tuesday
2009-12-01 12:13:00,72 ROUND PINK DOILIES,1.0,1.45,1.45,16393,United Kingdom,December,2009,Tuesday
2009-12-01 12:13:00,RETRO SPOT TEA SET CERAMIC 11 PC,1.0,4.95,4.95,16393,United Kingdom,December,2009,Tuesday
2009-12-01 12:13:00,SET OF 20 KIDS COOKIE CUTTERS,1.0,1.95,1.95,16393,United Kingdom,December,2009,Tuesday
2009-12-01 12:13:00,BLACK LOVE BIRD T-LIGHT HOLDER,2.0,3.75,7.5,16393,United Kingdom,December,2009,Tuesday
2009-12-01 12:13:00,STRAWBERRY BATH SPONGE,1.0,1.25,1.25,16393,United Kingdom,December,2009,Tuesday
2009-12-01 12:13:00,WATERMELON BATH SPONGE,1.0,1.25,1.25,16393,United Kingdom,December,2009,Tuesday
2009-12-01 12:13:00,SANDWICH BATH SPONGE,1.0,1.25,1.25,16393,United Kingdom,December,2009,Tuesday
2009-12-01 12:13:00,ASS COL SMALL SAND FROG P'WEIGHT,1.0,0.42,0.42,16393,United Kingdom,December,2009,Tuesday
2009-12-01 12:13:00,VINTAGE HEADS AND TAILS CARD GAME,6.0,1.25,7.5,16393,United Kingdom,December,2009,Tuesday
2009-12-01 12:13:00,S/6 WOODEN SKITTLES IN COTTON BAG,1.0,2.95,2.95,16393,United Kingdom,December,2009,Tuesday
2009-12-01 12:13:00,LUNCHBOX WITH CUTLERY FAIRY CAKES,1.0,2.55,2.55,16393,United Kingdom,December,2009,Tuesday
2009-12-01 12:13:00,SET/6 PINK BIRD T-LIGHT CANDLES,1.0,2.1,2.1,16393,United Kingdom,December,2009,Tuesday
2009-12-01 12:13:00,VANILLA INCENSE IN TIN,1.0,1.25,1.25,16393,United Kingdom,December,2009,Tuesday
2009-12-01 12:13:00,CORONA MEXICAN TRAY,1.0,3.75,3.75,16393,United Kingdom,December,2009,Tuesday
2009-12-01 12:13:00,12 PENCILS SMALL TUBE RED SPOTTY,7.0,0.65,4.55,16393,United Kingdom,December,2009,Tuesday
2009-12-01 12:13:00,PINK SPOTTY BOWL,1.0,1.25,1.25,16393,United Kingdom,December,2009,Tuesday
2009-12-01 12:13:00,BLUE SPOTTY BOWL,1.0,1.25,1.25,16393,United Kingdom,December,2009,Tuesday
2009-12-01 12:13:00,RED SPOTTY BOWL,2.0,1.25,2.5,16393,United Kingdom,December,2009,Tuesday
2009-12-01 12:13:00,12 MINI TOADSTOOL PEGS,1.0,1.25,1.25,16393,United Kingdom,December,2009,Tuesday
2009-12-01 12:13:00,PHOTO CUBE,2.0,1.65,3.3,16393,United Kingdom,December,2009,Tuesday
2009-12-01 12:13:00,CHRISTMAS CRAFT WHITE FAIRY,1.0,1.45,1.45,16393,United Kingdom,December,2009,Tuesday
2009-12-01 12:13:00,3 STRIPEY MICE FELTCRAFT,2.0,1.95,3.9,16393,United Kingdom,December,2009,Tuesday
2009-12-01 12:13:00,FELTCRAFT BUTTERFLY HEARTS,2.0,1.45,2.9,16393,United Kingdom,December,2009,Tuesday
2009-12-01 12:13:00,TOAST ITS - FAIRY FLOWER,1.0,1.25,1.25,16393,United Kingdom,December,2009,Tuesday
2009-12-01 12:13:00,TOAST ITS - DINOSAUR,1.0,1.25,1.25,16393,United Kingdom,December,2009,Tuesday
2009-12-01 12:13:00,COOK WITH WINE METAL SIGN,1.0,1.95,1.95,16393,United Kingdom,December,2009,Tuesday
2009-12-01 12:13:00,LUNCH BAG CARS BLUE,4.0,1.65,6.6,16393,United Kingdom,December,2009,Tuesday
2009-12-01 12:13:00,HEARTS  STICKERS,6.0,0.85,5.1,16393,United Kingdom,December,2009,Tuesday
2009-12-01 12:13:00,WOODLAND  STICKERS,6.0,0.85,5.1,16393,United Kingdom,December,2009,Tuesday
2009-12-01 12:13:00,GLASS STAR FROSTED T-LIGHT HOLDER,1.0,4.95,4.95,16393,United Kingdom,December,2009,Tuesday
2009-12-01 12:13:00,KIDS RAIN MAC BLUE,1.0,0.85,0.85,16393,United Kingdom,December,2009,Tuesday
2009-12-01 12:13:00,KIDS RAIN MAC PINK,1.0,0.85,0.85,16393,United Kingdom,December,2009,Tuesday
2009-12-01 12:13:00,VIP LUGGAGE TAG,1.0,1.25,1.25,16393,United Kingdom,December,2009,Tuesday
2009-12-01 12:13:00,HI TEC ALPINE HAND WARMER,1.0,1.65,1.65,16393,United Kingdom,December,2009,Tuesday
2009-12-01 12:13:00,LOVE HEART POCKET WARMER,1.0,1.65,1.65,16393,United Kingdom,December,2009,Tuesday
2009-12-01 12:13:00,ASSORTED TUTTI FRUTTI BRACELET,1.0,0.65,0.65,16393,United Kingdom,December,2009,Tuesday
2009-12-01 12:13:00,FELTCRAFT BUTTERFLY HEARTS,1.0,1.45,1.45,16393,United Kingdom,December,2009,Tuesday
2009-12-01 12:13:00,TRADITIONAL WOODEN CATCH CUP GAME,1.0,1.25,1.25,16393,United Kingdom,December,2009,Tuesday
2009-12-01 12:13:00,SET/6 3D KIT CARDS FOR KIDS,1.0,0.85,0.85,16393,United Kingdom,December,2009,Tuesday
2009-12-01 12:13:00,SET/6 3D KIT CARDS FOR KIDS,3.0,0.85,2.55,16393,United Kingdom,December,2009,Tuesday
2009-12-01 12:13:00,QUEEN OF SKIES LUGGAGE TAG,1.0,1.25,1.25,16393,United Kingdom,December,2009,Tuesday
2009-12-01 12:13:00,VINTAGE HEADS AND TAILS CARD GAME,1.0,1.25,1.25,16393,United Kingdom,December,2009,Tuesday
2009-12-01 12:13:00,MODERN FLORAL STATIONERY SET,1.0,2.95,2.95,16393,United Kingdom,December,2009,Tuesday
2009-12-01 12:13:00,SWEETHEART CERAMIC TRINKET BOX,1.0,1.25,1.25,16393,United Kingdom,December,2009,Tuesday
2009-12-01 12:13:00,PINK DOUGHNUT TRINKET POT,4.0,1.65,6.6,16393,United Kingdom,December,2009,Tuesday
2009-12-01 12:13:00,SKULL SHOULDER BAG,1.0,1.65,1.65,16393,United Kingdom,December,2009,Tuesday
2009-12-01 12:13:00,WOODLAND DESIGN  COTTON TOTE BAG,1.0,2.25,2.25,16393,United Kingdom,December,2009,Tuesday
2009-12-01 12:13:00,LOLITA  DESIGN  COTTON TOTE BAG,1.0,2.25,2.25,16393,United Kingdom,December,2009,Tuesday
2009-12-01 12:13:00,SAVE THE PLANET COTTON TOTE BAG,2.0,2.25,4.5,16393,United Kingdom,December,2009,Tuesday
2009-12-01 12:13:00,JUMBO STORAGE BAG SUKI,5.0,1.95,9.75,16393,United Kingdom,December,2009,Tuesday
2009-12-01 12:13:00,JUMBO BAG RED WHITE SPOTTY,5.0,1.95,9.75,16393,United Kingdom,December,2009,Tuesday
2009-12-01 12:13:00,JUMBO BAG OWLS,1.0,1.95,1.95,16393,United Kingdom,December,2009,Tuesday
2009-12-01 12:13:00,JUMBO BAG WOODLAND ANIMALS,1.0,1.95,1.95,16393,United Kingdom,December,2009,Tuesday
2009-12-01 12:13:00,POP ART PEN CASE & PENS,1.0,0.85,0.85,16393,United Kingdom,December,2009,Tuesday
2009-12-01 12:13:00,DINOSAUR LUNCHBOX WITH CUTLERY,1.0,2.55,2.55,16393,United Kingdom,December,2009,Tuesday
2009-12-01 12:13:00,SILVER FINCH DECORATION,1.0,1.25,1.25,16393,United Kingdom,December,2009,Tuesday
2009-12-01 12:13:00,SET/10 PINK SPOTTY PARTY CANDLES,1.0,1.25,1.25,16393,United Kingdom,December,2009,Tuesday
2009-12-01 12:13:00,STRAWBERRY CERAMIC TRINKET BOX,3.0,1.25,3.75,16393,United Kingdom,December,2009,Tuesday
2009-12-01 12:13:00,ANTIQUE SILVER TEA GLASS ETCHED,6.0,1.25,7.5,16393,United Kingdom,December,2009,Tuesday
2009-12-01 12:13:00,BLACK PIRATE TREASURE CHEST,4.0,1.65,6.6,16393,United Kingdom,December,2009,Tuesday
2009-12-01 12:13:00,SMALL CAMPHOR WOOD FIELD  MUSHROOM,1.0,1.65,1.65,16393,United Kingdom,December,2009,Tuesday
2009-12-01 12:13:00,CAMPHOR WOOD PORTOBELLO MUSHROOM,1.0,1.25,1.25,16393,United Kingdom,December,2009,Tuesday
2009-12-01 12:13:00,PORCELAIN T-LIGHT HOLDERS ASSORTED,1.0,1.25,1.25,16393,United Kingdom,December,2009,Tuesday
2009-12-01 12:13:00,BIRD BOX CHRISTMAS TREE DECORATION,1.0,0.85,0.85,16393,United Kingdom,December,2009,Tuesday
2009-12-01 12:13:00,SET/6 BLACK GLITTER REINDEER CANDLE,1.0,2.1,2.1,16393,United Kingdom,December,2009,Tuesday
2009-12-01 12:13:00,WOODLAND DESIGN  COTTON TOTE BAG,2.0,2.25,4.5,16393,United Kingdom,December,2009,Tuesday
2009-12-01 12:13:00,"CHARLOTTE BAG , SUKI DESIGN",9.0,0.85,7.649999999999999,16393,United Kingdom,December,2009,Tuesday
2009-12-01 12:13:00,SKULL SHOULDER BAG,2.0,1.65,3.3,16393,United Kingdom,December,2009,Tuesday
2009-12-01 12:13:00,"CHARLOTTE BAG , PINK/WHITE SPOTS",3.0,0.85,2.55,16393,United Kingdom,December,2009,Tuesday
2009-12-01 12:13:00,SKULLS  DESIGN  COTTON TOTE BAG,4.0,2.25,9.0,16393,United Kingdom,December,2009,Tuesday
2009-12-01 12:13:00,PORCELAIN T-LIGHT HOLDERS ASSORTED,2.0,1.25,2.5,16393,United Kingdom,December,2009,Tuesday
2009-12-01 12:13:00,LUNCH BAG  BLACK SKULL.,3.0,1.65,4.949999999999999,16393,United Kingdom,December,2009,Tuesday
2009-12-01 12:13:00,VINTAGE BILLBOARD DRINK ME MUG,1.0,1.25,1.25,16393,United Kingdom,December,2009,Tuesday
2009-12-01 12:13:00,VINTAGE BILLBOARD LOVE/HATE MUG,1.0,1.25,1.25,16393,United Kingdom,December,2009,Tuesday
2009-12-01 12:13:00,CREAM HEART CARD HOLDER,1.0,3.95,3.95,16393,United Kingdom,December,2009,Tuesday
2009-12-01 12:13:00,DOOR MAT SWEET HOME,1.0,6.75,6.75,16393,United Kingdom,December,2009,Tuesday
2009-12-01 12:14:00,DOOR MAT TOPIARY,1.0,6.75,6.75,14040,United Kingdom,December,2009,Tuesday
2009-12-01 12:14:00,FANCY FONT HOME SWEET HOME DOORMAT,1.0,6.75,6.75,14040,United Kingdom,December,2009,Tuesday
2009-12-01 12:14:00,DOOR MAT WELCOME PUPPIES,2.0,6.75,13.5,14040,United Kingdom,December,2009,Tuesday
2009-12-01 12:14:00,DOOR MAT 3 SMILEY CATS,2.0,6.75,13.5,14040,United Kingdom,December,2009,Tuesday
2009-12-01 12:14:00,DOORMAT HEARTS,2.0,6.75,13.5,14040,United Kingdom,December,2009,Tuesday
2009-12-01 12:14:00,RED SPOTTY COIR DOORMAT,2.0,6.75,13.5,14040,United Kingdom,December,2009,Tuesday
2009-12-01 12:14:00,DOOR MAT GREEN PAISLEY,2.0,6.75,13.5,14040,United Kingdom,December,2009,Tuesday
2009-12-01 12:14:00,DOOR MAT ENGLISH ROSE,2.0,6.75,13.5,14040,United Kingdom,December,2009,Tuesday
2009-12-01 12:14:00,RED HANGING HEART T-LIGHT HOLDER,10.0,2.95,29.5,14040,United Kingdom,December,2009,Tuesday
2009-12-01 12:14:00,RECIPE BOX WITH METAL HEART,4.0,7.95,31.8,14040,United Kingdom,December,2009,Tuesday
2009-12-01 12:14:00,RED FLORAL FELTCRAFT SHOULDER BAG,4.0,3.75,15.0,14040,United Kingdom,December,2009,Tuesday
2009-12-01 12:14:00,PINK FLORAL FELTCRAFT SHOULDER BAG,4.0,3.75,15.0,14040,United Kingdom,December,2009,Tuesday
2009-12-01 12:14:00,GREEN FLORAL FELTCRAFT SHOULDER BAG,4.0,3.75,15.0,14040,United Kingdom,December,2009,Tuesday
2009-12-01 12:14:00,GREY FLORAL FELTCRAFT SHOULDER BAG,2.0,3.75,7.5,14040,United Kingdom,December,2009,Tuesday
2009-12-01 12:14:00,SET 3 WICKER LOG BASKETS,1.0,19.95,19.95,14040,United Kingdom,December,2009,Tuesday
2009-12-01 12:14:00,YELLOW + BROWN BEAR FELT PURSE KIT,2.0,1.25,2.5,14040,United Kingdom,December,2009,Tuesday
2009-12-01 12:14:00,YELLOW PURPLE DAISY FELT PURSE KIT,3.0,1.25,3.75,14040,United Kingdom,December,2009,Tuesday
2009-12-01 12:14:00,YELLOW FLOWERS FELT HANDBAG KIT,5.0,2.1,10.5,14040,United Kingdom,December,2009,Tuesday
2009-12-01 12:14:00,PINK BLUE FELT CRAFT TRINKET BOX,5.0,1.25,6.25,14040,United Kingdom,December,2009,Tuesday
2009-12-01 12:14:00,PINK CREAM FELT CRAFT TRINKET BOX,5.0,1.25,6.25,14040,United Kingdom,December,2009,Tuesday
2009-12-01 12:14:00,FRYING PAN UNION FLAG,1.0,4.25,4.25,14040,United Kingdom,December,2009,Tuesday
2009-12-01 12:14:00,LIGHT BIRD HOUSE TREE DECORATION,1.0,0.85,0.85,14040,United Kingdom,December,2009,Tuesday
2009-12-01 12:14:00,METAL SIGN EMPIRE TEA,1.0,2.95,2.95,14040,United Kingdom,December,2009,Tuesday
2009-12-01 12:14:00,FELTCRAFT DOLL MOLLY,2.0,2.95,5.9,14040,United Kingdom,December,2009,Tuesday
2009-12-01 12:14:00,GLITTER BUTTERFLY CLIPS,6.0,2.55,15.3,14040,United Kingdom,December,2009,Tuesday
2009-12-01 12:14:00,GLITTER HANGING BUTTERFLY STRING,6.0,2.1,12.6,14040,United Kingdom,December,2009,Tuesday
2009-12-01 12:14:00,CINAMMON SET OF 9 T-LIGHTS,5.0,0.85,4.25,14040,United Kingdom,December,2009,Tuesday
2009-12-01 12:14:00,ORANGE SCENTED SET/9 T-LIGHTS,5.0,0.85,4.25,14040,United Kingdom,December,2009,Tuesday
2009-12-01 12:14:00,BROWN CHECK CAT DOORSTOP,1.0,4.25,4.25,14040,United Kingdom,December,2009,Tuesday
2009-12-01 12:14:00,COUNTRY COTTAGE  DOORSTOP GREEN,2.0,4.25,8.5,14040,United Kingdom,December,2009,Tuesday
2009-12-01 12:14:00,4 IVORY DINNER CANDLES GOLD FLOCK,1.0,2.55,2.55,14040,United Kingdom,December,2009,Tuesday
2009-12-01 12:14:00,GINGHAM HEART  DOORSTOP RED,4.0,4.25,17.0,14040,United Kingdom,December,2009,Tuesday
2009-12-01 12:14:00,FLORAL FOLK STATIONERY SET,3.0,2.95,8.850000000000001,14040,United Kingdom,December,2009,Tuesday
2009-12-01 12:14:00,CHARLIE + LOLA RED HOT WATER BOTTLE,4.0,2.95,11.8,14040,United Kingdom,December,2009,Tuesday
2009-12-01 12:14:00,UNION JACK HOT WATER BOTTLE,3.0,5.95,17.85,14040,United Kingdom,December,2009,Tuesday
2009-12-01 12:14:00,CHARLIE+LOLA PINK HOT WATER BOTTLE,4.0,2.95,11.8,14040,United Kingdom,December,2009,Tuesday
2009-12-01 12:14:00,MUSHROOM BLUE HOT WATER BOTTLE,3.0,2.95,8.850000000000001,14040,United Kingdom,December,2009,Tuesday
2009-12-01 12:14:00,WHITE SKULL HOT WATER BOTTLE,2.0,3.75,7.5,14040,United Kingdom,December,2009,Tuesday
2009-12-01 12:14:00,PINK STRIPE HOT WATER BOTTLE,5.0,2.95,14.75,14040,United Kingdom,December,2009,Tuesday
2009-12-01 12:14:00,PINK HEART DOTS HOT WATER BOTTLE,2.0,3.75,7.5,14040,United Kingdom,December,2009,Tuesday
2009-12-01 12:14:00,FAWN BLUE HOT WATER BOTTLE,3.0,2.95,8.850000000000001,14040,United Kingdom,December,2009,Tuesday
2009-12-01 12:14:00,FROSTED BOX 9 WHITE T-LIGHT CANDLES,24.0,0.42,10.08,14040,United Kingdom,December,2009,Tuesday
2009-12-01 12:14:00,SWEETHEART CERAMIC TRINKET BOX,20.0,1.25,25.0,14040,United Kingdom,December,2009,Tuesday
2009-12-01 12:14:00,STRAWBERRY CERAMIC TRINKET BOX,20.0,1.25,25.0,14040,United Kingdom,December,2009,Tuesday
2009-12-01 12:14:00,GARLAND WITH STARS AND BELLS,1.0,4.95,4.95,14040,United Kingdom,December,2009,Tuesday
2009-12-01 12:14:00,GARLAND WITH HEARTS AND BELLS,4.0,4.95,19.8,14040,United Kingdom,December,2009,Tuesday
2009-12-01 12:14:00,BLUE WHITE SCARF HOT WATER BOTTLE,3.0,3.95,11.85,14040,United Kingdom,December,2009,Tuesday
2009-12-01 12:14:00,RED WHITE SCARF  HOT WATER BOTTLE,3.0,3.95,11.85,14040,United Kingdom,December,2009,Tuesday
2009-12-01 12:14:00,RED WOOLLY HOTTIE WHITE HEART.,1.0,3.75,3.75,14040,United Kingdom,December,2009,Tuesday
2009-12-01 12:14:00,"STRING OF 8 BUTTERFLIES,PINK",3.0,1.65,4.949999999999999,14040,United Kingdom,December,2009,Tuesday
2009-12-01 12:14:00,4 IVORY DINNER CANDLES SILVER FLOCK,4.0,2.55,10.2,14040,United Kingdom,December,2009,Tuesday
2009-12-01 12:14:00,4 IVORY DINNER CANDLES GOLD FLOCK,3.0,2.55,7.649999999999999,14040,United Kingdom,December,2009,Tuesday
2009-12-01 12:14:00,S/4 BURGUNDY WINE DINNER CANDLES,3.0,1.25,3.75,14040,United Kingdom,December,2009,Tuesday
2009-12-01 12:14:00,S/4 FESTIVE RED DINNER CANDLES,6.0,1.25,7.5,14040,United Kingdom,December,2009,Tuesday
2009-12-01 12:14:00,S/4 FESTIVE GREEN DINNER CANDLES,6.0,1.25,7.5,14040,United Kingdom,December,2009,Tuesday
2009-12-01 12:14:00,VINTAGE SNAP CARDS,11.0,0.85,9.35,14040,United Kingdom,December,2009,Tuesday
2009-12-01 12:14:00,VINTAGE HEADS AND TAILS CARD GAME,6.0,1.25,7.5,14040,United Kingdom,December,2009,Tuesday
2009-12-01 12:14:00,BINGO SET,3.0,3.75,11.25,14040,United Kingdom,December,2009,Tuesday
2009-12-01 12:14:00,CINAMMON & ORANGE WREATH,2.0,6.75,13.5,14040,United Kingdom,December,2009,Tuesday
2009-12-01 12:18:00,RED HANGING METAL STAR TLIGHT HLDR,24.0,3.39,81.36,12913,United Kingdom,December,2009,Tuesday
2009-12-01 12:18:00,HOME BUILDING BLOCK WORD,24.0,5.45,130.8,12913,United Kingdom,December,2009,Tuesday
2009-12-01 12:18:00,PAPER CHAIN KIT RETRO SPOT,58.0,2.55,147.89999999999998,12913,United Kingdom,December,2009,Tuesday
2009-12-01 12:18:00,PAPER CHAIN KIT 50'S CHRISTMAS,58.0,2.55,147.89999999999998,12913,United Kingdom,December,2009,Tuesday
2009-12-01 12:18:00,ANTIQUE SILVER TEA GLASS ETCHED,24.0,1.25,30.0,12913,United Kingdom,December,2009,Tuesday
2009-12-01 12:18:00,PAPER CHAIN KIT 50'S CHRISTMAS,160.0,2.55,408.0,15061,United Kingdom,December,2009,Tuesday
2009-12-01 12:18:00,PAPER CHAIN KIT RETRO SPOT,160.0,2.55,408.0,15061,United Kingdom,December,2009,Tuesday
2009-12-01 12:18:00,SET/4 PINK ORCHID CANDLES IN BOWL,48.0,1.45,69.6,15061,United Kingdom,December,2009,Tuesday
2009-12-01 12:18:00,SET/4 BLUE FLOWER CANDLES IN BOWL,192.0,1.45,278.4,15061,United Kingdom,December,2009,Tuesday
2009-12-01 12:18:00,ASSORTED COLOUR BIRD ORNAMENT,96.0,1.69,162.24,15061,United Kingdom,December,2009,Tuesday
2009-12-01 12:18:00,PINK CHERRY LIGHTS,24.0,5.45,130.8,15061,United Kingdom,December,2009,Tuesday
2009-12-01 12:18:00,DOOR MAT ENGLISH ROSE,20.0,5.95,119.0,15061,United Kingdom,December,2009,Tuesday
2009-12-01 12:18:00,FUNKY MONKEY MUG,96.0,0.85,81.6,15061,United Kingdom,December,2009,Tuesday
2009-12-01 12:18:00,RETRO SPOT TEA SET CERAMIC 11 PC,72.0,4.25,306.0,15061,United Kingdom,December,2009,Tuesday
2009-12-01 12:18:00,BIG DOUGHNUT FRIDGE MAGNETS,144.0,0.85,122.4,15061,United Kingdom,December,2009,Tuesday
2009-12-01 12:18:00,WHITE SPOT BLUE CERAMIC DRAWER KNOB,60.0,1.06,63.6,15061,United Kingdom,December,2009,Tuesday
2009-12-01 12:18:00,RED SPOT CERAMIC DRAWER KNOB,60.0,1.06,63.6,15061,United Kingdom,December,2009,Tuesday
2009-12-01 12:18:00,BLUE STRIPE CERAMIC DRAWER KNOB,60.0,1.06,63.6,15061,United Kingdom,December,2009,Tuesday
2009-12-01 12:18:00,PINK SPOTS  WRAP,100.0,0.34,34.0,15061,United Kingdom,December,2009,Tuesday
2009-12-01 12:18:00,FLORAL ELEPHANT SOFT TOY,96.0,3.75,360.0,15061,United Kingdom,December,2009,Tuesday
2009-12-01 12:18:00,RED SPOTTY COIR DOORMAT,30.0,5.95,178.5,15061,United Kingdom,December,2009,Tuesday
2009-12-01 12:18:00,SLEEPING CAT ERASERS,180.0,0.21,37.8,15061,United Kingdom,December,2009,Tuesday
2009-12-01 12:19:00,BLACK AND WHITE PAISLEY FLOWER MUG,216.0,0.85,183.6,15061,United Kingdom,December,2009,Tuesday
2009-12-01 12:19:00,RETRO SPOT TEA SET CERAMIC 11 PC,48.0,4.25,204.0,15061,United Kingdom,December,2009,Tuesday
2009-12-01 12:20:00,PAPER CHAIN KIT 50'S CHRISTMAS,18.0,2.95,53.1,14341,United Kingdom,December,2009,Tuesday
2009-12-01 12:20:00,ROTATING SILVER ANGELS T-LIGHT HLDR,18.0,2.55,45.9,14341,United Kingdom,December,2009,Tuesday
2009-12-01 12:20:00,CHRISTMAS PUDDING TRINKET POT,12.0,1.45,17.4,14341,United Kingdom,December,2009,Tuesday
2009-12-01 12:20:00,GARLAND WITH STARS AND BELLS,6.0,4.95,29.700000000000003,14341,United Kingdom,December,2009,Tuesday
2009-12-01 12:20:00,"GREETING CARD, RITA",12.0,0.19,2.28,14341,United Kingdom,December,2009,Tuesday
2009-12-01 12:20:00,12 PENCILS SMALL TUBE RED SPOTTY,24.0,0.65,15.6,14341,United Kingdom,December,2009,Tuesday
2009-12-01 12:20:00,SET/20 RED SPOTTY PAPER NAPKINS,12.0,0.85,10.2,14341,United Kingdom,December,2009,Tuesday
2009-12-01 12:20:00,RETRO SPOT MUG,6.0,2.95,17.700000000000003,14341,United Kingdom,December,2009,Tuesday
2009-12-01 12:20:00,SMALL RETRO SPOT MUG IN BOX  RED,6.0,3.75,22.5,14341,United Kingdom,December,2009,Tuesday
2009-12-01 12:20:00,PACK OF 12 RED SPOTTY TISSUES,48.0,0.29,13.919999999999998,14341,United Kingdom,December,2009,Tuesday
2009-12-01 12:20:00,PACK OF 12 SKULL TISSUES,48.0,0.29,13.919999999999998,14341,United Kingdom,December,2009,Tuesday
2009-12-01 12:20:00,UNION JACK HOT WATER BOTTLE,3.0,5.95,17.85,14341,United Kingdom,December,2009,Tuesday
2009-12-01 12:20:00,PEACE SMALL WOOD LETTERS,1.0,6.75,6.75,14341,United Kingdom,December,2009,Tuesday
2009-12-01 12:20:00,CHRISTMAS HANGING TREE WITH BELL,12.0,1.25,15.0,14341,United Kingdom,December,2009,Tuesday
2009-12-01 12:22:00,CARNIVAL BRACELET,1.0,12.75,12.75,17804,United Kingdom,December,2009,Tuesday
2009-12-01 12:22:00,PINK STRIPE HOT WATER BOTTLE,2.0,2.95,5.9,17804,United Kingdom,December,2009,Tuesday
2009-12-01 12:22:00,BIRD HOUSE HOT WATER BOTTLE,1.0,3.45,3.45,17804,United Kingdom,December,2009,Tuesday
2009-12-01 12:22:00,GREY HEART HOT WATER BOTTLE,1.0,3.45,3.45,17804,United Kingdom,December,2009,Tuesday
2009-12-01 12:22:00,CHICK GREY HOT WATER BOTTLE,2.0,3.45,6.9,17804,United Kingdom,December,2009,Tuesday
2009-12-01 12:22:00,SET/5 RED SPOTTY LID GLASS BOWLS,1.0,2.95,2.95,17804,United Kingdom,December,2009,Tuesday
2009-12-01 12:22:00,WIRE FLOWER T-LIGHT HOLDER,6.0,1.25,7.5,17804,United Kingdom,December,2009,Tuesday
2009-12-01 12:22:00,POTTING SHED TEA MUG,1.0,1.25,1.25,17804,United Kingdom,December,2009,Tuesday
2009-12-01 12:22:00,ASSORTED FRAGRANCE BATH CONFETTI,6.0,0.42,2.52,17804,United Kingdom,December,2009,Tuesday
2009-12-01 12:22:00,TOXIC AREA  DOOR HANGER,1.0,1.45,1.45,17804,United Kingdom,December,2009,Tuesday
2009-12-01 12:22:00,RETRO COFFEE MUGS ASSORTED,2.0,1.25,2.5,17804,United Kingdom,December,2009,Tuesday
2009-12-01 12:22:00,PLACE SETTING WHITE STAR,15.0,0.42,6.3,17804,United Kingdom,December,2009,Tuesday
2009-12-01 12:22:00,PREMIUM CHURCH CANDLE,3.0,2.1,6.300000000000001,17804,United Kingdom,December,2009,Tuesday
2009-12-01 12:22:00,RETRO SPOT TEA SET CERAMIC 11 PC,4.0,4.95,19.8,17804,United Kingdom,December,2009,Tuesday
2009-12-01 12:22:00,CHRISTMAS CRAFT HEART DECORATIONS,1.0,2.1,2.1,17804,United Kingdom,December,2009,Tuesday
2009-12-01 12:22:00,"POPCORN HOLDER , SMALL",3.0,0.85,2.55,17804,United Kingdom,December,2009,Tuesday
2009-12-01 12:22:00,RIBBON REEL FLORA + FAUNA,1.0,1.65,1.65,17804,United Kingdom,December,2009,Tuesday
2009-12-01 12:22:00,RIBBON REEL HEARTS DESIGN,1.0,1.65,1.65,17804,United Kingdom,December,2009,Tuesday
2009-12-01 12:22:00,FELTCRAFT DOLL MOLLY,1.0,2.95,2.95,17804,United Kingdom,December,2009,Tuesday
2009-12-01 12:22:00,FELTCRAFT DOLL MARIA,1.0,2.95,2.95,17804,United Kingdom,December,2009,Tuesday
2009-12-01 12:22:00,FELTCRAFT DOLL EMILY,1.0,2.95,2.95,17804,United Kingdom,December,2009,Tuesday
2009-12-01 12:22:00,SET/10 BLUE SPOTTY PARTY CANDLES,1.0,1.25,1.25,17804,United Kingdom,December,2009,Tuesday
2009-12-01 12:22:00,SET/10 PINK SPOTTY PARTY CANDLES,1.0,1.25,1.25,17804,United Kingdom,December,2009,Tuesday
2009-12-01 12:22:00,ABSTRACT CIRCLES POCKET BOOK,3.0,0.85,2.55,17804,United Kingdom,December,2009,Tuesday
2009-12-01 12:22:00,GREEN FERN POCKET BOOK,3.0,0.85,2.55,17804,United Kingdom,December,2009,Tuesday
2009-12-01 12:22:00,SET OF 6 GIRLS CELEBRATION CANDLES,1.0,1.25,1.25,17804,United Kingdom,December,2009,Tuesday
2009-12-01 12:22:00,SET 6 FOOTBALL CELEBRATION CANDLES,1.0,1.25,1.25,17804,United Kingdom,December,2009,Tuesday
2009-12-01 12:22:00,ANGEL DECORATION 3 BUTTONS,8.0,0.42,3.36,17804,United Kingdom,December,2009,Tuesday
2009-12-01 12:22:00,MIRROR MOSAIC T-LIGHT HOLDER,3.0,1.65,4.949999999999999,17804,United Kingdom,December,2009,Tuesday
2009-12-01 12:22:00,SMALL FOLKART CHRISTMAS TREE DEC,4.0,0.42,1.68,17804,United Kingdom,December,2009,Tuesday
2009-12-01 12:22:00,SMALL FOLKART STAR CHRISTMAS DEC,6.0,0.42,2.52,17804,United Kingdom,December,2009,Tuesday
2009-12-01 12:22:00,SMALLFOLKART BAUBLE CHRISTMAS DEC,6.0,0.42,2.52,17804,United Kingdom,December,2009,Tuesday
2009-12-01 12:30:00,PINK HEART SHAPE EGG FRYING PAN,6.0,1.65,9.9,14156,EIRE,December,2009,Tuesday
2009-12-01 12:30:00,ENGLISH ROSE DESIGN PEG BAG,6.0,2.1,12.6,14156,EIRE,December,2009,Tuesday
2009-12-01 12:30:00,PINK 3 TIER GLASS PLATE STAND,2.0,12.75,25.5,14156,EIRE,December,2009,Tuesday
2009-12-01 12:30:00,GREEN 3 TIER GLASS PLATE STAND,1.0,12.75,12.75,14156,EIRE,December,2009,Tuesday
2009-12-01 12:30:00,STRAWBERRY CERAMIC TRINKET BOX,12.0,1.25,15.0,14156,EIRE,December,2009,Tuesday
2009-12-01 12:30:00,SWEETHEART CERAMIC TRINKET BOX,12.0,1.25,15.0,14156,EIRE,December,2009,Tuesday
2009-12-01 12:30:00,RED STAR CARD HOLDER,6.0,2.95,17.700000000000003,14156,EIRE,December,2009,Tuesday
2009-12-01 12:30:00,FAMILY ALBUM WHITE PICTURE FRAME,4.0,8.5,34.0,14156,EIRE,December,2009,Tuesday
2009-12-01 12:30:00,WOODEN FRAME ANTIQUE WHITE,6.0,2.95,17.700000000000003,14156,EIRE,December,2009,Tuesday
2009-12-01 12:30:00,LARGE GREEN PEONY FOLDING STOOL,6.0,2.1,12.6,14156,EIRE,December,2009,Tuesday
2009-12-01 12:30:00,LARGE PINK PEONY FOLDING STOOL,6.0,2.1,12.6,14156,EIRE,December,2009,Tuesday
2009-12-01 12:30:00,FRYING PAN BLUE POLKADOT,4.0,4.25,17.0,14156,EIRE,December,2009,Tuesday
2009-12-01 12:30:00,TEA TIME CAKE STAND IN GIFT BOX,4.0,10.75,43.0,14156,EIRE,December,2009,Tuesday
2009-12-01 12:30:00,DOOR MAT FAIRY CAKE,4.0,6.75,27.0,14156,EIRE,December,2009,Tuesday
2009-12-01 12:30:00,PAPER CHAIN KIT 50'S CHRISTMAS,18.0,2.95,53.1,13599,United Kingdom,December,2009,Tuesday
2009-12-01 12:30:00,SAVE THE PLANET MUG,12.0,1.25,15.0,13599,United Kingdom,December,2009,Tuesday
2009-12-01 12:30:00,KINGS CHOICE MUG,12.0,1.25,15.0,13599,United Kingdom,December,2009,Tuesday
2009-12-01 12:30:00,COSY HOUR GIANT TUBE MATCHES,12.0,2.55,30.6,13599,United Kingdom,December,2009,Tuesday
2009-12-01 12:30:00,SWALLOW CIGAR BOX MATCHES,24.0,1.25,30.0,13599,United Kingdom,December,2009,Tuesday
2009-12-01 12:30:00,COSY HOUR CIGAR BOX MATCHES,24.0,1.25,30.0,13599,United Kingdom,December,2009,Tuesday
2009-12-01 12:30:00,KINGS CHOICE CIGAR BOX MATCHES,24.0,1.25,30.0,13599,United Kingdom,December,2009,Tuesday
2009-12-01 12:30:00,PAPER CHAIN KIT RETRO SPOT,6.0,2.95,17.700000000000003,13599,United Kingdom,December,2009,Tuesday
2009-12-01 12:30:00,PAPER CHAIN KIT SKULLS,6.0,2.95,17.700000000000003,13599,United Kingdom,December,2009,Tuesday
2009-12-01 12:30:00,VINTAGE DESIGN GIFT TAGS,12.0,0.85,10.2,13599,United Kingdom,December,2009,Tuesday
2009-12-01 12:30:00,BAKING SET 9 PIECE RETROSPOT,3.0,4.95,14.85,13599,United Kingdom,December,2009,Tuesday
2009-12-01 12:30:00,JUMBO STORAGE BAG SKULLS,10.0,1.95,19.5,13599,United Kingdom,December,2009,Tuesday
2009-12-01 12:30:00,JUMBO BAG RED WHITE SPOTTY,10.0,1.95,19.5,13599,United Kingdom,December,2009,Tuesday
2009-12-01 12:30:00,JUMBO  BAG BAROQUE BLACK WHITE,10.0,1.95,19.5,13599,United Kingdom,December,2009,Tuesday
2009-12-01 12:30:00,WOODLAND CHARLOTTE BAG,10.0,0.85,8.5,13599,United Kingdom,December,2009,Tuesday
2009-12-01 12:30:00,"CHARLOTTE BAG , PINK/WHITE SPOTS",100.0,0.72,72.0,13599,United Kingdom,December,2009,Tuesday
2009-12-01 12:30:00,RED SPOTTY CHARLOTTE BAG,10.0,0.85,8.5,13599,United Kingdom,December,2009,Tuesday
2009-12-01 12:30:00,LUNCH BAG  BLACK SKULL.,10.0,1.65,16.5,13599,United Kingdom,December,2009,Tuesday
2009-12-01 12:30:00,LUNCH BAG WOODLAND,10.0,1.65,16.5,13599,United Kingdom,December,2009,Tuesday
2009-12-01 12:30:00,LUNCH BAG RED SPOTTY,20.0,1.65,33.0,13599,United Kingdom,December,2009,Tuesday
2009-12-01 12:30:00,TEA BAG PLATE RED SPOTTY,12.0,0.85,10.2,13599,United Kingdom,December,2009,Tuesday
2009-12-01 12:30:00,WHITE JEWELLED HEART DECORATION,240.0,0.64,153.6,13599,United Kingdom,December,2009,Tuesday
2009-12-01 12:30:00,DOOR MAT WELCOME PUPPIES,2.0,6.75,13.5,14156,EIRE,December,2009,Tuesday
2009-12-01 12:30:00,DOORMAT HEARTS,2.0,6.75,13.5,14156,EIRE,December,2009,Tuesday
2009-12-01 12:30:00,DOOR MAT TOPIARY,2.0,6.75,13.5,14156,EIRE,December,2009,Tuesday
2009-12-01 12:30:00,PINK 3 PIECE MINI DOTS CUTLERY SET,6.0,3.75,22.5,14156,EIRE,December,2009,Tuesday
2009-12-01 12:30:00,MA CAMPAGNE CUTLERY BOX,1.0,14.95,14.95,14156,EIRE,December,2009,Tuesday
2009-12-01 12:30:00,SCOTTIE DOG HOT WATER BOTTLE,3.0,4.95,14.85,14156,EIRE,December,2009,Tuesday
2009-12-01 12:30:00,RED SPOT HEART HOT WATER BOTTLE,3.0,4.95,14.85,14156,EIRE,December,2009,Tuesday
2009-12-01 12:30:00,CHICK GREY HOT WATER BOTTLE,4.0,3.45,13.8,14156,EIRE,December,2009,Tuesday
2009-12-01 12:30:00,FLORAL ELEPHANT SOFT TOY,9.0,4.25,38.25,14156,EIRE,December,2009,Tuesday
2009-12-01 12:30:00,GREEN FERN JOURNAL,6.0,2.55,15.3,14156,EIRE,December,2009,Tuesday
2009-12-01 12:30:00,SET/20 FRUIT SALAD PAPER NAPKINS,12.0,0.85,10.2,14156,EIRE,December,2009,Tuesday
2009-12-01 12:30:00,PINK FAIRY CAKE CHILD'S APRON,8.0,1.95,15.6,14156,EIRE,December,2009,Tuesday
2009-12-01 12:30:00,SCOTTIES DES CHILD'S APRON,8.0,1.65,13.2,14156,EIRE,December,2009,Tuesday
2009-12-01 12:30:00,ROSE DU SUD CHILDS APRON,3.0,4.25,12.75,14156,EIRE,December,2009,Tuesday
2009-12-01 12:30:00,PACK OF 72 RETRO SPOT CAKE CASES,24.0,0.55,13.2,14156,EIRE,December,2009,Tuesday
2009-12-01 12:30:00,FUNKY WASHING UP GLOVES ASSORTED,12.0,2.1,25.200000000000003,14156,EIRE,December,2009,Tuesday
2009-12-01 12:30:00,LARGE HEART MEASURING SPOONS,12.0,1.65,19.8,14156,EIRE,December,2009,Tuesday
2009-12-01 12:30:00,SMALL HEART MEASURING SPOONS,12.0,0.85,10.2,14156,EIRE,December,2009,Tuesday
2009-12-01 12:30:00,FRYING PAN RED POLKADOT,4.0,4.25,17.0,14156,EIRE,December,2009,Tuesday
2009-12-01 12:33:00,DOOR MAT NEW ENGLAND,2.0,6.75,13.5,14156,EIRE,December,2009,Tuesday
2009-12-01 12:33:00,FANCY FONT HOME SWEET HOME DOORMAT,2.0,6.75,13.5,14156,EIRE,December,2009,Tuesday
2009-12-01 12:33:00,S/16 VINTAGE PISTACHIO CUTLERY,4.0,12.75,51.0,14156,EIRE,December,2009,Tuesday
2009-12-01 12:33:00,S/16 VINTAGE SKY BLUE CUTLERY,2.0,12.75,25.5,14156,EIRE,December,2009,Tuesday
2009-12-01 12:33:00,S/16 VINTAGE IVORY CUTLERY,2.0,12.75,25.5,14156,EIRE,December,2009,Tuesday
2009-12-01 12:33:00,PACK OF 60 PINK PAISLEY CAKE CASES,48.0,0.55,26.4,14156,EIRE,December,2009,Tuesday
2009-12-01 12:33:00,WASH BAG VINTAGE ROSE PAISLEY,6.0,2.55,15.3,14156,EIRE,December,2009,Tuesday
2009-12-01 12:33:00,VINTAGE CREAM 3 BASKET CAKE STAND,4.0,9.95,39.8,14156,EIRE,December,2009,Tuesday
2009-12-01 12:33:00,LAVENDER SCENTED SET/9 T-LIGHTS,12.0,0.85,10.2,14156,EIRE,December,2009,Tuesday
2009-12-01 12:33:00,ORANGE SCENTED SET/9 T-LIGHTS,12.0,0.85,10.2,14156,EIRE,December,2009,Tuesday
2009-12-01 12:33:00,4 WILDFLOWER BOTANICAL CANDLES,6.0,3.75,22.5,14156,EIRE,December,2009,Tuesday
2009-12-01 12:33:00,4 LAVENDER BOTANICAL DINNER CANDLES,6.0,3.75,22.5,14156,EIRE,December,2009,Tuesday
2009-12-01 12:33:00,4 VANILLA BOTANICAL CANDLES,6.0,3.75,22.5,14156,EIRE,December,2009,Tuesday
2009-12-01 12:33:00,SET 12 WILDFLOWER BOTANICAL T-LIGHT,6.0,2.95,17.700000000000003,14156,EIRE,December,2009,Tuesday
2009-12-01 12:33:00,TRADITIONAL CHRISTMAS RIBBONS,12.0,1.25,15.0,14156,EIRE,December,2009,Tuesday
2009-12-01 12:33:00,LUSH GREENS RIBBONS,12.0,1.25,15.0,14156,EIRE,December,2009,Tuesday
2009-12-01 12:33:00,CHOCOLATE BOX RIBBONS,12.0,1.25,15.0,14156,EIRE,December,2009,Tuesday
2009-12-01 12:33:00,GIN + TONIC DIET METAL SIGN,6.0,2.1,12.6,14156,EIRE,December,2009,Tuesday
2009-12-01 12:33:00,OPEN CLOSED METAL SIGN,2.0,4.95,9.9,14156,EIRE,December,2009,Tuesday
2009-12-01 12:33:00,PICCADILLY TEA SET,2.0,14.95,29.9,14156,EIRE,December,2009,Tuesday
2009-12-01 12:33:00,TEA TIME TEAPOT IN GIFT BOX,2.0,9.95,19.9,14156,EIRE,December,2009,Tuesday
